"iShares MSCI All Country Asia Information Technology Index Fund",AAIT
"American Airlines Group, Inc.",AAL
"Atlantic American Corporation",AAME
"Applied Optoelectronics, Inc.",AAOI
"AAON, Inc.",AAON
"Apple Inc.",AAPL
"Avalanche Biotechnologies, Inc.",AAVL
"Atlas Air Worldwide Holdings",AAWW
"iShares MSCI All Country Asia ex Japan Index Fund",AAXJ
"Aoxin Tianli Group, Inc.",ABAC
"ABAXIS, Inc.",ABAX
"Ameris Bancorp",ABCB
"Cambium Learning Group, Inc.",ABCD
"The Advisory Board Company",ABCO
"Anchor BanCorp Wisconsin Inc.",ABCW
"Alcentra Capital Corp.",ABDC
"Abengoa, S.A.",ABGB
"ARCA biopharma, Inc.",ABIO
"ABIOMED, Inc.",ABMD
"Autobytel Inc.",ABTL
"Abengoa Yield plc",ABY
"ACADIA Pharmaceuticals Inc.",ACAD
"American Capital, Ltd.",ACAS
"Arctic Cat Inc.",ACAT
"Aceto Corporation",ACET
"Atlantic Coast Financial Corporation",ACFC
"Acorn Energy, Inc.",ACFN
"Arch Capital Group Ltd.",ACGL
"Acadia Healthcare Company, Inc.",ACHC
"Achillion Pharmaceuticals, Inc.",ACHN
"ACI Worldwide, Inc.",ACIW
"Axcelis Technologies, Inc.",ACLS
"ACNB Corporation",ACNB
"Acorda Therapeutics, Inc.",ACOR
"Active Power, Inc.",ACPW
"AcelRx Pharmaceuticals, Inc.",ACRX
"American Capital Senior Floating, Ltd.",ACSF
"Acasti Pharma, Inc.",ACST
"Actua Corporation",ACTA
"Acacia Research Corporation",ACTG
"Actions Semiconductor Co., Ltd.",ACTS
"Acura Pharmaceuticals, Inc.",ACUR
"iShares MSCI ACWI Index Fund",ACWI
"iShares MSCI ACWI ex US Index Fund",ACWX
"Acxiom Corporation",ACXM
"Authentidate Holding Corp.",ADAT
"Adobe Systems Incorporated",ADBE
"Adept Technology, Inc.",ADEP
"Advanced Emissions Solutions, Inc.",ADES
"Alcobra Ltd.",ADHD
"Analog Devices, Inc.",ADI
"ADMA Biologics Inc",ADMA
"Adamis Pharmaceuticals Corporation",ADMP
"Adamas Pharmaceuticals, Inc.",ADMS
"Audience, Inc.",ADNC
"Automatic Data Processing, Inc.",ADP
"BLDRS Asia 50 ADR Index Fund",ADRA
"BLDRS Developed Markets 100 ADR Index Fund",ADRD
"BLDRS Emerging Markets 50 ADR Index Fund",ADRE
"BLDRS Europe 100 ADR Index Fund",ADRU
"Autodesk, Inc.",ADSK
"ADTRAN, Inc.",ADTN
"Addus HomeCare Corporation",ADUS
"Advent Software, Inc.",ADVS
"Advaxis, Inc.",ADXS
"Advaxis, Inc.",ADXSW
"Aegion Corp",AEGN
"Aegerion Pharmaceuticals, Inc.",AEGR
"Aehr Test Systems",AEHR
"Advanced Energy Industries, Inc.",AEIS
"AEP Industries Inc.",AEPI
"Aerie Pharmaceuticals, Inc.",AERI
"American Electric Technologies, Inc.",AETI
"ADDvantage Technologies Group, Inc.",AEY
"AEterna Zentaris Inc.",AEZS
"Almost Family Inc",AFAM
"Athens Bancshares Corporation",AFCB
"Affymetrix, Inc.",AFFX
"Atlas Financial Holdings, Inc.",AFH
"Affimed N.V.",AFMD
"Alliance Fiber Optic Products, Inc.",AFOP
"AmTrust Financial Services, Inc.",AFSI
"Agenus Inc.",AGEN
"Argo Group International Holdings, Ltd.",AGII
"Argo Group International Holdings, Ltd.",AGIIL
"Agios Pharmaceuticals, Inc.",AGIO
"American Capital Agency Corp.",AGNC
"American Capital Agency Corp.",AGNCB
"American Capital Agency Corp.",AGNCP
"WisdomTree Barclays U.S. Aggregate Bond Negative Duration Fund",AGND
"Agile Therapeutics, Inc.",AGRX
"Applied Genetic Technologies Corporation",AGTC
"Agilysys, Inc.",AGYS
"WisdomTree Barclays U.S. Aggregate Bond Zero Duration Fund",AGZD
"Alliance Holdings GP, L.P.",AHGP
"Allied Healthcare Products, Inc.",AHPI
"Altra Industrial Motion Corp.",AIMC
"Apollo Investment Corporation",AINV
"Alliance HealthCare Services, Inc.",AIQ
"Air Methods Corporation",AIRM
"First Trust RBA American Industrial Renaissance ETF",AIRR
"Air T, Inc.",AIRT
"Aixtron SE",AIXG
"Akamai Technologies, Inc.",AKAM
"Achaogen, Inc.",AKAO
"Akebia Therapeutics, Inc.",AKBA
"Akers Biosciences Inc",AKER
"Akorn, Inc.",AKRX
"Alico, Inc.",ALCO
"Alder BioPharmaceuticals, Inc.",ALDR
"Aldeyra Therapeutics, Inc.",ALDX
"Align Technology, Inc.",ALGN
"Allegiant Travel Company",ALGT
"Alimera Sciences, Inc.",ALIM
"Alkermes plc",ALKS
"Alliance Bancorp, Inc. of Pennsylvania",ALLB
"Allot Communications Ltd.",ALLT
"Alnylam Pharmaceuticals, Inc.",ALNY
"Analogic Corporation",ALOG
Astro,ALOT
"Alliqua, Inc.",ALQA
"Alaska Communications Systems Group, Inc.",ALSK
"Altera Corporation",ALTR
"Alexza Pharmaceuticals, Inc.",ALXA
"Alexion Pharmaceuticals, Inc.",ALXN
"AMAG Pharmaceuticals, Inc.",AMAG
"Applied Materials, Inc.",AMAT
"Ambarella, Inc.",AMBA
"Ambac Financial Group, Inc.",AMBC
"Ambac Financial Group, Inc.",AMBCW
"Applied Micro Circuits Corporation",AMCC
"Andatee China Marine Fuel Services Corporation",AMCF
"AirMedia Group Inc",AMCN
"AMC Networks Inc.",AMCX
"Advanced Micro Devices, Inc.",AMD
"Amedica Corporation",AMDA
"Amedisys Inc",AMED
"Amgen Inc.",AMGN
"American Independence Corp.",AMIC
"Amkor Technology, Inc.",AMKR
"American National Bankshares, Inc.",AMNB
"Allied Motion Technologies, Inc.",AMOT
"America Movil, S.A.B. de C.V.",AMOV
"Amphastar Pharmaceuticals, Inc.",AMPH
"American River Bankshares",AMRB
"Albany Molecular Research, Inc.",AMRI
A,AMRK
"Amarin Corporation plc",AMRN
"Amyris, Inc.",AMRS
"American Superconductor Corporation",AMSC
"AMERISAFE, Inc.",AMSF
"Amsurg Corp.",AMSG
"Amsurg Corp.",AMSGP
"American Software, Inc.",AMSWA
"Aemetis, Inc",AMTX
"American Woodmark Corporation",AMWD
"Amazon.com, Inc.",AMZN
"Anacor Pharmaceuticals, Inc.",ANAC
"ANADIGICS, Inc.",ANAD
"American National Insurance Company",ANAT
"Anchor Bancorp",ANCB
"American Caresource Holdings Inc",ANCI
"Access National Corporation",ANCX
"The Andersons, Inc.",ANDE
"Angie's List, Inc.",ANGI
"AngioDynamics, Inc.",ANGO
"Anika Therapeutics Inc.",ANIK
"ANI Pharmaceuticals, Inc.",ANIP
"ANSYS, Inc.",ANSS
"Anthera Pharmaceuticals, Inc.",ANTH
"Sphere 3D Corp",ANY
"Alpha and Omega Semiconductor Limited",AOSL
"Apco Oil and Gas International Inc.",APAGF
"Applied DNA Sciences Inc",APDN
"Applied DNA Sciences Inc",APDNW
"American Public Education, Inc.",APEI
"Apogee Enterprises, Inc.",APOG
"Apollo Education Group, Inc.",APOL
"Venaxis, Inc.",APPY
"Apricus Biosciences, Inc",APRI
"Alto Palermo S.A.",APSA
"Aptose Biosciences, Inc.",APTO
"Asia Pacific Wire & Cable Corporation Limited",APWC
"Aquinox Pharmaceuticals, Inc.",AQXP
"Accuray Incorporated",ARAY
"ArcBest Corporation",ARCB
"Ares Capital Corporation",ARCC
"Appliance Recycling Centers of America, Inc.",ARCI
"American Realty Capital Properties, Inc.",ARCP
"American Realty Capital Properties, Inc.",ARCPP
"ARC Group Worldwide, Inc.",ARCW
"Aradigm Corporation",ARDM
"Ardelyx, Inc.",ARDX
"Approach Resources Inc.",AREX
"Argos Therapeutics, Inc.",ARGS
"ARIAD Pharmaceuticals, Inc.",ARIA
"American Railcar Industries, Inc.",ARII
"ARI Network Services, Inc.",ARIS
"Ark Restaurants Corp.",ARKR
"Alliance Resource Partners, L.P.",ARLP
"ARM Holdings plc",ARMH
"Arena Pharmaceuticals, Inc.",ARNA
"Arrow Financial Corporation",AROW
"ArQule, Inc.",ARQL
"ARRIS Group, Inc.",ARRS
"Array BioPharma Inc.",ARRY
"Artesian Resources Corporation",ARTNA
Art's,ARTW
"Arotech Corporation",ARTX
"Aruba Networks, Inc.",ARUN
"Arrowhead Research Corporation",ARWR
"ASB Bancorp, Inc.",ASBB
"Ameriana Bancorp",ASBI
"Ascent Capital Group, Inc.",ASCMA
"American Science and Engineering, Inc.",ASEI
"Asta Funding, Inc.",ASFI
"Assembly Biosciences, Inc.",ASMB
"ASM International N.V.",ASMI
"ASML Holding N.V.",ASML
"Ascena Retail Group, Inc.",ASNA
"Altisource Portfolio Solutions S.A.",ASPS
"Auspex Pharmaceuticals, Inc.",ASPX
"AmeriServ Financial Inc.",ASRV
"AmeriServ Financial Inc.",ASRVP
"Astrotech Corporation",ASTC
"Astec Industries, Inc.",ASTE
"Ascent Solar Technologies, Inc.",ASTI
"Asure Software Inc",ASUR
"Amtech Systems, Inc.",ASYS
"ATA Inc.",ATAI
"America First Multifamily Investors, L.P.",ATAX
"Astea International, Inc.",ATEA
"Alphatec Holdings, Inc.",ATEC
"athenahealth, Inc.",ATHN
"Athersys, Inc.",ATHX
"Atlanticus Holdings Corporation",ATLC
"Ames National Corporation",ATLO
"Atmel Corporation",ATML
"Atlantic Tele",ATNI
"API Technologies Corp.",ATNY
"Atossa Genetics Inc.",ATOS
"Atara Biotherapeutics, Inc.",ATRA
"AtriCure, Inc.",ATRC
"ATRION Corporation",ATRI
"ATRM Holdings, Inc.",ATRM
"Astronics Corporation",ATRO
"Antares Pharma, Inc.",ATRS
"Air Transport Services Group, Inc",ATSG
"Attunity Ltd.",ATTU
"Activision Blizzard, Inc",ATVI
"Auburn National Bancorporation, Inc.",AUBN
"AudioCodes Ltd.",AUDC
"AR Capital Acquisition Corp.",AUMA
"AR Capital Acquisition Corp.",AUMAU
"AR Capital Acquisition Corp.",AUMAW
"Aurinia Pharmaceuticals Inc",AUPH
"Auxilium Pharmaceuticals, Inc.",AUXL
"AeroVironment, Inc.",AVAV
"AVEO Pharmaceuticals, Inc.",AVEO
"Avago Technologies Limited",AVGO
"A V Homes, Inc.",AVHI
"Avid Technology, Inc.",AVID
"Avanir Pharmaceuticals, Inc.",AVNR
"Aviat Networks, Inc.",AVNW
"HomeAway, Inc.",AWAY
"Aware, Inc.",AWRE
"Abraxas Petroleum Corporation",AXAS
"Accelerate Diagnostics, Inc.",AXDX
"AxoGen, Inc.",AXGN
"iShares MSCI All Country Asia ex Japan Small Cap Index Fund",AXJS
"Axion Power International, Inc.",AXPW
"Axion Power International, Inc.",AXPWW
"AXT Inc",AXTI
"Aspen Technology, Inc.",AZPN
"Natus Medical Incorporated",BABY
"Diversified Restaurant Holdings, Inc.",BAGR
Books,BAMM
"BancFirst Corporation",BANF
"BancFirst Corporation",BANFP
"Banner Corporation",BANR
"StoneCastle Financial Corp",BANX
"Bioanalytical Systems, Inc.",BASI
"Bed Bath & Beyond Inc.",BBBY
"BioShares Biotechnology Clinical Trials Fund",BBC
"BBCN Bancorp, Inc.",BBCN
"BreitBurn Energy Partners, L.P.",BBEP
"BreitBurn Energy Partners, L.P.",BBEPP
"Beasley Broadcast Group, Inc.",BBGI
"Blue Earth, Inc.",BBLU
"Bridge Capital Holdings",BBNK
"Black Box Corporation",BBOX
"BioShares Biotechnology Products Fund",BBP
"Bravo Brio Restaurant Group, Inc.",BBRG
"BlackBerry Limited",BBRY
"Barrett Business Services, Inc.",BBSI
"BCB Bancorp, Inc. (NJ)",BCBP
"Brainstorm Cell Therapeutics Inc.",BCLI
"B Communications Ltd.",BCOM
"Blucora, Inc.",BCOR
"Brightcove Inc.",BCOV
"Balchem Corporation",BCPC
"BioCryst Pharmaceuticals, Inc.",BCRX
"Boulder Brands, Inc.",BDBD
"BDCA Venture, Inc.",BDCV
"Black Diamond, Inc.",BDE
"Bridge Bancorp, Inc.",BDGE
"Birner Dental Management Services, Inc.",BDMS
"BioDelivery Sciences International, Inc.",BDSI
"BioTelemetry, Inc.",BEAT
"B/E Aerospace, Inc.",BEAV
"bebe stores, inc.",BEBE
"Beacon Roofing Supply, Inc.",BECN
"Bel Fuse Inc.",BELFA
"Bel Fuse Inc.",BELFB
"BankFinancial Corporation",BFIN
"BGC Partners, Inc.",BGCP
"Big 5 Sporting Goods Corporation",BGFV
"BG Medicine, Inc.",BGMD
"Blue Hills Bancorp, Inc.",BHBK
"ProShares Ultra Nasdaq Biotechnology",BIB
"First Trust BICK Index Fund",BICK
"Baidu, Inc.",BIDU
"Biogen Idec Inc.",BIIB
"BIND Therapeutics, Inc.",BIND
"Biocept, Inc.",BIOC
"Biodel Inc.",BIOD
"Biolase, Inc.",BIOL
"BioScrip, Inc.",BIOS
"Actuate Corporation",BIRT
"ProShares UltraShort Nasdaq Biotechnology",BIS
"BJ's Restaurants, Inc.",BJRI
"BlackRock Kelso Capital Corporation",BKCC
"Blueknight Energy Partners L.P., L.L.C.",BKEP
"Blueknight Energy Partners L.P., L.L.C.",BKEPP
"Bank Mutual Corporation",BKMU
"Bank of South Carolina Corp.",BKSC
"The Bank of Kentucky Financial Corp.",BKYF
"Bellicum Pharmaceuticals, Inc.",BLCM
"Ballard Power Systems, Inc.",BLDP
"Builders FirstSource, Inc.",BLDR
"BioLife Solutions, Inc.",BLFS
"Bridgeline Digital, Inc.",BLIN
"Blackbaud, Inc.",BLKB
"Bloomin' Brands, Inc.",BLMN
"BSB Bancorp, Inc.",BLMT
"BioLineRx Ltd.",BLRX
"bluebird bio, Inc.",BLUE
"Boulevard Acquisition Corp.",BLVD
"Boulevard Acquisition Corp.",BLVDU
"Boulevard Acquisition Corp.",BLVDW
"Bank of Marin Bancorp",BMRC
"BioMarin Pharmaceutical Inc.",BMRN
"Bryn Mawr Bank Corporation",BMTC
"Beneficial Mutual Bancorp, Inc.",BNCL
"BNC Bancorp",BNCN
"Vanguard Total International Bond ETF",BNDX
"Benefitfocus, Inc.",BNFT
"Bonso Electronics International, Inc.",BNSO
"Bob Evans Farms, Inc.",BOBE
"Bank of Commerce Holdings (CA)",BOCH
"BofI Holding, Inc.",BOFI
"BOK Financial Corporation",BOKF
"Bona Film Group Limited",BONA
"The Bon",BONT
"Dynamic Materials Corporation",BOOM
"B.O.S. Better Online Solutions",BOSC
"Biota Pharmaceuticals, Inc.",BOTA
"Bank of the James Financial Group, Inc.",BOTJ
"Boston Private Financial Holdings, Inc.",BPFH
"Boston Private Financial Holdings, Inc.",BPFHP
"Boston Private Financial Holdings, Inc.",BPFHW
"Popular, Inc.",BPOP
"Popular, Inc.",BPOPM
"Popular, Inc.",BPOPN
Bio,BPTH
"Brocade Communications Systems, Inc.",BRCD
"Broadcom Corporation",BRCM
"Borderfree, Inc.",BRDR
"Craft Brew Alliance, Inc.",BREW
"Bridgford Foods Corporation",BRID
"Brookline Bancorp, Inc.",BRKL
"Bruker Corporation",BRKR
"Brooks Automation, Inc.",BRKS
Bio,BRLI
"BSD Medical Corporation",BSDM
"Bassett Furniture Industries, Incorporated",BSET
"Bear State Financial, Inc.",BSF
"BroadSoft, Inc.",BSFT
"Biostar Pharmaceuticals, Inc.",BSPM
"BSQUARE Corporation",BSQR
"Sierra Bancorp",BSRR
"BioSpecifics Technologies Corp",BSTC
"BTU International, Inc.",BTUI
"Burcon NutraScience Corp",BUR
"First Busey Corporation",BUSE
"Bazaarvoice, Inc.",BV
"Cordia Bancorp Inc.",BVA
"BroadVision, Inc.",BVSN
"Broadwind Energy, Inc.",BWEN
"Bankwell Financial Group, Inc.",BWFG
"Baldwin & Lyons, Inc.",BWINA
"Baldwin & Lyons, Inc.",BWINB
"Buffalo Wild Wings, Inc.",BWLD
"Bay Bancorp, Inc.",BYBK
"Broadway Financial Corporation",BYFC
"Baylake Corp",BYLK
"CA Inc.",CA
"China Automotive Systems, Inc.",CAAS
"Camden National Corporation",CAC
"Cascade Bancorp",CACB
"Credit Acceptance Corporation",CACC
"Chart Acquisition Corp.",CACG
"Chart Acquisition Corp.",CACGU
"Chart Acquisition Corp.",CACGW
"Cache, Inc.",CACH
"Caesars Acquisition Company",CACQ
"China Advanced Construction Materials Group, Inc.",CADC
"DT Asia Investments Limited",CADT
"DT Asia Investments Limited",CADTR
"DT Asia Investments Limited",CADTU
"DT Asia Investments Limited",CADTW
"The Cheesecake Factory Incorporated",CAKE
"Calithera Biosciences, Inc.",CALA
"Callidus Software, Inc.",CALD
"China Auto Logistics Inc.",CALI
"magicJack VocalTec Ltd",CALL
Cal,CALM
"Cambridge Capital Acquisition Corporation",CAMB
"Cambridge Capital Acquisition Corporation",CAMBU
"Cambridge Capital Acquisition Corporation",CAMBW
"CalAmp Corp.",CAMP
"Camtek Ltd.",CAMT
"Capnia, Inc.",CAPN
"Capnia, Inc.",CAPNW
"Avis Budget Group, Inc.",CAR
"Cara Therapeutics, Inc.",CARA
"Carbonite, Inc.",CARB
"Carolina Financial Corporation",CARO
"Carolina Trust Bank",CART
"Carver Bancorp, Inc.",CARV
"First Trust NASDAQ Global Auto Index Fund",CARZ
"Meta Financial Group, Inc.",CASH
"CASI Pharmaceuticals, Inc.",CASI
"CAS Medical Systems, Inc.",CASM
"Cass Information Systems, Inc",CASS
"Caseys General Stores, Inc.",CASY
"Cardtronics, Inc.",CATM
"Cathay General Bancorp",CATY
"Cathay General Bancorp",CATYW
"Cavium, Inc.",CAVM
"China BAK Battery, Inc.",CBAK
"Colony Bankcorp, Inc.",CBAN
"CymaBay Therapeutics Inc.",CBAY
"CBD Energy Limited",CBDE
"Capital Bank Financial Corp.",CBF
"CB Financial Services, Inc.",CBFV
"Community Bank Shares of Indiana, Inc.",CBIN
"Cleveland BioLabs, Inc.",CBLI
"Cellular Biomedicine Group, Inc.",CBMG
"CombiMatrix Corporation",CBMX
"Cape Bancorp, Inc.",CBNJ
"Chicopee Bancorp, Inc.",CBNK
"CBOE Holdings, Inc.",CBOE
"China Biologic Products, Inc.",CBPO
"Cracker Barrel Old Country Store, Inc.",CBRL
"Columbia Laboratories, Inc.",CBRX
"Commerce Bancshares, Inc.",CBSH
"Commerce Bancshares, Inc.",CBSHP
"Cubist Pharmaceuticals, Inc.",CBST
"Cubist Pharmaceuticals, Inc.",CBSTZ
"Capital City Bank Group",CCBG
"China Ceramics Co., Ltd.",CCCL
"China Commercial Credit, Inc.",CCCR
"ChinaCache International Holdings Ltd.",CCIH
"CSI Compressco LP",CCLP
"Cabot Microelectronics Corporation",CCMP
"CNB Financial Corporation",CCNE
"Cogent Communications Holdings, Inc.",CCOI
"Cross Country Healthcare, Inc.",CCRN
"Concurrent Computer Corporation",CCUR
"ChemoCentryx, Inc.",CCXI
"Compass EMP U S EQ Income 100 Enhanced Volatility Weighted Fund",CDC
"CDK Global, Inc.",CDK
"CareDx, Inc.",CDNA
"Cadence Design Systems, Inc.",CDNS
"Clean Diesel Technologies, Inc.",CDTI
"CDW Corporation",CDW
"Codexis, Inc.",CDXS
"Cadiz, Inc.",CDZI
"CECO Environmental Corp.",CECE
"Career Education Corporation",CECO
"Celgene Corporation",CELG
"Celgene Corporation",CELGZ
"Chembio Diagnostics, Inc.",CEMI
"Cempra, Inc.",CEMP
"Central Garden & Pet Company",CENT
"Central Garden & Pet Company",CENTA
"Century Aluminum Company",CENX
"Ceres, Inc.",CERE
"Cerner Corporation",CERN
"Cerus Corporation",CERS
"Cerulean Pharma Inc.",CERU
"Central European Media Enterprises Ltd.",CETV
"CEVA, Inc.",CEVA
"Compass EMP US 500 Volatility Weighted Index ETF",CFA
"Central Federal Corporation",CFBK
"C&F Financial Corporation",CFFI
"Capitol Federal Financial, Inc.",CFFN
"Calamos Focus Growth ETF",CFGE
"California First National Bancorp",CFNB
"Cardinal Financial Corporation",CFNL
"Compass EMP US 500 Enhanced Volatility Weighted Index ETF",CFO
"ContraFect Corporation",CFRX
"ContraFect Corporation",CFRXW
"ContraFect Corporation",CFRXZ
"The Carlyle Group L.P.",CG
"Compugen Ltd.",CGEN
"Cancer Genetics, Inc.",CGIX
"Cognex Corporation",CGNX
"Calamos Global Total Return Fund",CGO
"Comstock Holding Companies, Inc.",CHCI
"City Holding Company",CHCO
"Churchill Downs, Incorporated",CHDN
"The Chefs' Warehouse, Inc.",CHEF
"Cheviot Financial Corp",CHEV
"Chemical Financial Corporation",CHFC
"Charter Financial Corp.",CHFN
"Calamos Convertible Opportunities and Income Fund",CHI
"Cherokee Inc.",CHKE
"Check Point Software Technologies Ltd.",CHKP
"China Housing & Land Development, Inc.",CHLN
"Chemung Financial Corp",CHMG
"China Natural Resources, Inc.",CHNR
"China Gerui Advanced Materials Group Limited",CHOP
"Coherus BioSciences, Inc.",CHRS
"C.H. Robinson Worldwide, Inc.",CHRW
"CHS Inc",CHSCM
"CHS Inc",CHSCN
"CHS Inc",CHSCO
"CHS Inc",CHSCP
"Charter Communications, Inc.",CHTR
"Chuy's Holdings, Inc.",CHUY
"Calamos Global Dynamic Income Fund",CHW
"WisdomTree China Dividend Ex",CHXF
"Calamos Convertible and High Income Fund",CHY
"ChyronHego Corporation",CHYR
"Cinedigm Corp",CIDM
"CIFC Corp.",CIFC
"Cimatron, Limited",CIMT
"Cincinnati Financial Corporation",CINF
"CIS Acquisition Ltd.",CISAW
"CNinsure Inc.",CISG
"Compass EMP Developed 500 Enhanced Volatility Weighted Index ETF",CIZ
"Citizens Holding Company",CIZN
"China Jo",CJJD
"Carmike Cinemas, Inc.",CKEC
"ClickSoftware Technologies Ltd.",CKSW
"Capitol Acquisition Corp. II",CLAC
"Capitol Acquisition Corp. II",CLACU
"Capitol Acquisition Corp. II",CLACW
"Carolina Bank Holdings Inc.",CLBH
"Collectors Universe, Inc.",CLCT
"Celladon Corporation",CLDN
"Celldex Therapeutics, Inc.",CLDX
"Clearfield, Inc.",CLFD
"ClearSign Combustion Corporation",CLIR
"Calamos Asset Management, Inc.",CLMS
"Calumet Specialty Products Partners, L.P.",CLMT
"Clean Energy Fuels Corp.",CLNE
"Cleantech Solutions International, Inc.",CLNT
"Cellectar Biosciences, Inc.",CLRB
"Cellectar Biosciences, Inc.",CLRBW
"ClearOne, Inc.",CLRO
"CollabRx, Inc.",CLRX
"Celsion Corporation",CLSN
"Celsus Therapeutics Plc",CLTX
"Town Sports International Holdings, Inc.",CLUB
"Clovis Oncology, Inc.",CLVS
"Euro Tech Holdings Company Limited",CLWT
"Columbus McKinnon Corporation",CMCO
"Comcast Corporation",CMCSA
"Comcast Corporation",CMCSK
"CIM Commercial Trust Corporation",CMCT
"CME Group Inc.",CME
"CM Finance Inc",CMFN
"China Mobile Games and Entertainment Group Limited",CMGE
"Cumulus Media Inc.",CMLS
"Cimpress N.V",CMPR
"Chimerix, Inc.",CMRX
"CMS Bancorp, Inc.",CMSB
"Comtech Telecommunications Corp.",CMTL
"Conatus Pharmaceuticals Inc.",CNAT
"Century Bancorp, Inc.",CNBKA
"Concert Pharmaceuticals, Inc.",CNCE
"Coronado Biosciences, Inc.",CNDO
"ChinaNet Online Holdings, Inc.",CNET
"China Information Technology, Inc.",CNIT
"CB Pharma Acquisition Corp.",CNLM
"CB Pharma Acquisition Corp.",CNLMR
"CB Pharma Acquisition Corp.",CNLMU
"CB Pharma Acquisition Corp.",CNLMW
"CONMED Corporation",CNMD
"ConnectOne Bancorp, Inc.",CNOB
"Comverse Inc.",CNSI
"Consolidated Communications Holdings, Inc.",CNSL
"China TechFaith Wireless Communication Technology Limited",CNTF
"Century Casinos, Inc.",CNTY
"Cnova N.V.",CNV
"Connecture, Inc.",CNXR
"China Yida Holding, Co.",CNYD
"CommunityOne Bancorp",COB
"Colonial Financial Services, Inc.",COBK
"CoBiz Financial Inc.",COBZ
"Corinthian Colleges, Inc.",COCO
"Coherent, Inc.",COHR
"Cohu, Inc.",COHU
Coca,COKE
"Columbia Banking System, Inc.",COLB
"Columbia Sportswear Company",COLM
"CommScope Holding Company, Inc.",COMM
"iShares Commodities Select Strategy ETF",COMT
"CyrusOne Inc",CONE
"Conn's, Inc.",CONN
"Majesco Entertainment Company",COOL
Core,CORE
"Corium International, Inc.",CORI
"Corcept Therapeutics Incorporated",CORT
"Cosi, Inc.",COSI
"Costco Wholesale Corporation",COST
"Covisint Corporation",COVS
"Cowen Group, Inc.",COWN
"Cowen Group, Inc.",COWNL
"CounterPath Corporation",CPAH
"China Shengda Packaging Group, Inc.",CPGI
"Canterbury Park Holding Corporation",CPHC
CEPHEID,CPHD
"Cipher Pharmaceuticals Inc.",CPHR
"Cumberland Pharmaceuticals Inc.",CPIX
"Capella Education Company",CPLA
"Capital Product Partners L.P.",CPLP
"Copart, Inc.",CPRT
"Catalyst Pharmaceutical Partners, Inc.",CPRX
"Computer Programs and Systems, Inc.",CPSI
"Consumer Portfolio Services, Inc.",CPSS
"Capstone Turbine Corporation",CPST
"Capitala Finance Corp.",CPTA
"Celator Pharmaceuticals Inc.",CPXX
"CRA International,Inc.",CRAI
"Cray Inc",CRAY
"Cardica, Inc.",CRDC
"Crossroads Systems, Inc.",CRDS
"WisdomTree Strategic Corporate Bond Fund",CRDT
"Cree, Inc.",CREE
"China Recycling Energy Corporation",CREG
"Cresud S.A.C.I.F. y A.",CRESW
"Cresud S.A.C.I.F. y A.",CRESY
"Curis, Inc.",CRIS
"Cardiome Pharma Corporation",CRME
"America's Car",CRMT
"Ceragon Networks Ltd.",CRNT
"Crocs, Inc.",CROX
"Courier Corporation",CRRC
"Corporate Resource Services, Inc.",CRRS
"Cartesian, Inc.",CRTN
"Criteo S.A.",CRTO
"Cirrus Logic, Inc.",CRUS
"CorVel Corp.",CRVL
"Crown Media Holdings, Inc.",CRWN
"Crown Crafts, Inc.",CRWS
"Carrizo Oil & Gas, Inc.",CRZO
"Clifton Bancorp Inc.",CSBK
"Cascade Microtech, Inc.",CSCD
"Cisco Systems, Inc.",CSCO
"Compass EMP U.S. Discovery 500 Enhanced Volatility Weighted Fund",CSF
"CenterState Banks, Inc.",CSFL
"CoStar Group, Inc.",CSGP
"CSG Systems International, Inc.",CSGS
"Cardiovascular Systems, Inc.",CSII
"Canadian Solar Inc.",CSIQ
"Cornerstone OnDemand, Inc.",CSOD
"CSP Inc.",CSPI
"Calamos Strategic Total Return Fund",CSQ
"CSR plc",CSRE
"CaesarStone Sdot",CSTE
"China Sunergy Co., Ltd.",CSUN
"Capital Southwest Corporation",CSWC
"Cintas Corporation",CTAS
"Community Trust Bancorp, Inc.",CTBI
"CTC Media, Inc.",CTCM
"Constant Contact, Inc.",CTCT
"Computer Task Group, Incorporated",CTG
"Charles & Colvard Ltd",CTHR
"CTI Industries Corporation",CTIB
"CTI BioPharma Corp.",CTIC
"CareTrust REIT, Inc.",CTRE
"Control4 Corporation",CTRL
"Citi Trends, Inc.",CTRN
"Ctrip.com International, Ltd.",CTRP
"Catamaran Corporation",CTRX
"Cognizant Technology Solutions Corporation",CTSH
"Cytosorbents Corporation",CTSO
"Connecticut Water Service, Inc.",CTWS
"Citrix Systems, Inc.",CTXS
"First Trust ISE Global Copper Index Fund",CU
"The Herzfeld Caribbean Basin Fund, Inc.",CUBA
"CUI Global, Inc.",CUI
"CU Bancorp (CA)",CUNB
"Cutera, Inc.",CUTR
"CVB Financial Corporation",CVBF
"Cavco Industries, Inc.",CVCO
"Central Valley Community Bancorp",CVCY
"Commercial Vehicle Group, Inc.",CVGI
"Calavo Growers, Inc.",CVGW
"CommVault Systems, Inc.",CVLT
"Codorus Valley Bancorp, Inc",CVLY
"Covenant Transportation Group, Inc.",CVTI
"CVD Equipment Corporation",CVV
"Coastway Bancorp, Inc.",CWAY
"Community West Bancshares",CWBC
"Consolidated Water Co. Ltd.",CWCO
"Casella Waste Systems, Inc.",CWST
"China XD Plastics Company Limited",CXDC
"Cypress Semiconductor Corporation",CY
"Cyanotech Corporation",CYAN
"CyberOptics Corporation",CYBE
"CyberArk Software Ltd.",CYBR
"Cyberonics, Inc.",CYBX
"Cyclacel Pharmaceuticals, Inc.",CYCC
"Cyclacel Pharmaceuticals, Inc.",CYCCP
"Community Health Systems, Inc.",CYHHZ
"Cynosure, Inc.",CYNO
"Changyou.com Limited",CYOU
"CYREN Ltd.",CYRN
"Cytokinetics, Incorporated",CYTK
"CytRx Corporation",CYTR
"Cytori Therapeutics Inc",CYTX
"Citizens First Corporation",CZFC
"Citizens & Northern Corp",CZNC
"Caesars Entertainment Corporation",CZR
"Citizens Community Bancorp, Inc.",CZWI
"Daegis Inc",DAEG
"Data I/O Corporation",DAIO
"Daktronics, Inc.",DAKT
"DARA Biosciences, Inc.",DARA
"Jiayuan.com International Ltd.",DATE
"Famous Dave's of America, Inc.",DAVE
"Recon Capital DAX Germany ETF",DAX
"DBV Technologies S.A.",DBVT
"Diana Containerships Inc.",DCIX
"Dime Community Bancshares, Inc.",DCOM
"Delcath Systems, Inc.",DCTH
"Denny's Corporation",DENN
"Depomed, Inc.",DEPO
"Dermira, Inc.",DERM
"Destination Maternity Corporation",DEST
"Del Frisco's Restaurant Group, Inc.",DFRG
"Barclays PLC",DFVL
"Barclays PLC",DFVS
"Delta Natural Gas Company, Inc.",DGAS
"Donegal Group, Inc.",DGICA
"Donegal Group, Inc.",DGICB
"Digi International Inc.",DGII
"Credit Suisse AG",DGLD
"Digital Ally, Inc.",DGLY
"WisdomTree Emerging Markets Dividend Growth Fund",DGRE
"WisdomTree U.S. SmallCap Dividend Growth Fund",DGRS
"WisdomTree U.S. Dividend Growth Fund",DGRW
"Diamond Hill Investment Group, Inc.",DHIL
"Dehaier Medical Systems Limited",DHRM
"Diodes Incorporated",DIOD
"Discovery Communications, Inc.",DISCA
"Discovery Communications, Inc.",DISCB
"Discovery Communications, Inc.",DISCK
"DISH Network Corporation",DISH
"Daily Journal Corp. (S.C.)",DJCO
"Barclays PLC",DLBL
"Barclays PLC",DLBS
"DLH Holdings Corp.",DLHC
"Dollar Tree, Inc.",DLTR
"Dorchester Minerals, L.P.",DMLP
"Diamond Foods, Inc.",DMND
"Digimarc Corporation",DMRC
"DNB Financial Corp",DNBF
"Dunkin' Brands Group, Inc.",DNKN
"Dorman Products, Inc.",DORM
"Dover Saddlery, Inc.",DOVR
"Amdocs Limited",DOX
"Dipexium Pharmaceuticals, Inc.",DPRX
"Digirad Corporation",DRAD
"Dataram Corporation",DRAM
"Digital River, Inc.",DRIV
"Dicerna Pharmaceuticals, Inc.",DRNA
"DURECT Corporation",DRRX
"DragonWave Inc",DRWI
"DragonWave Inc",DRWIW
"DryShips Inc.",DRYS
"Derma Sciences, Inc.",DSCI
"Discovery Laboratories, Inc.",DSCO
"The Descartes Systems Group Inc.",DSGX
"DS Healthcare Group, Inc.",DSKX
"iDreamSky Technology Limited",DSKY
"Credit Suisse AG",DSLV
"DSP Group, Inc.",DSPG
"Deswell Industries, Inc.",DSWL
"Datalink Corporation",DTLK
"DTS, Inc.",DTSI
"Barclays PLC",DTUL
"Barclays PLC",DTUS
DIRECTV,DTV
"Barclays PLC",DTYL
"Barclays PLC",DTYS
"Dynavax Technologies Corporation",DVAX
"Diversicare Healthcare Services Inc.",DVCR
"Dreamworks Animation SKG, Inc.",DWA
"Arrow DWA Tactical ETF",DWAT
"Datawatch Corporation",DWCH
"Dawson Geophysical Company",DWSN
"DexCom, Inc.",DXCM
"WisdomTree Germany Hedged Equity Fund",DXGE
"WisdomTree Japan Hedged SmallCap Equity Fund",DXJS
"WisdomTree Korea Hedged Equity Fund",DXKW
"Destination XL Group, Inc.",DXLG
"Dex Media, Inc.",DXM
"DXP Enterprises, Inc.",DXPE
"WisdomTree United Kingdom Hedged Equity Fund",DXPS
"The Dixie Group, Inc.",DXYN
"Dyax Corp.",DYAX
"Dynatronics Corporation",DYNT
"Dynasil Corporation of America",DYSL
"Electronic Arts Inc.",EA
"Erickson Incorporated",EAC
"Auris Medical Holding AG",EARS
"eBay Inc.",EBAY
"Eleven Biotherapeutics, Inc.",EBIO
"Ebix, Inc.",EBIX
"Eagle Bancorp Montana, Inc.",EBMT
"Meridian Bancorp, Inc.",EBSB
"Enterprise Bancorp Inc",EBTC
"Echo Global Logistics, Inc.",ECHO
"US Ecology, Inc.",ECOL
"Encore Capital Group Inc",ECPG
"Echo Therapeutics, Inc.",ECTE
"Endocyte, Inc.",ECYT
"EDAP TMS S.A.",EDAP
"Edgewater Technology, Inc.",EDGW
"Exceed Company Ltd.",EDS
"Educational Development Corporation",EDUC
"Euronet Worldwide, Inc.",EEFT
"Ecology and Environment, Inc.",EEI
"iShares MSCI Emerging Markets Asia Index Fund",EEMA
"iShares MSCI Emerging Markets EMEA Index Fund",EEME
"iShares MSCI Emerging Markets Latin America Index Fund",EEML
"Electronics for Imaging, Inc.",EFII
"Energy Focus, Inc.",EFOI
"Enterprise Financial Services Corporation",EFSC
"eFuture Information Technology Inc.",EFUT
"eGain Corporation",EGAN
"Eagle Bancorp, Inc.",EGBN
"8x8 Inc",EGHT
"Eagle Bulk Shipping Inc.",EGLE
"Egalet Corporation",EGLT
"NIC Inc.",EGOV
"iShares MSCI Emerging Markets Growth Index Fund",EGRW
"Eagle Pharmaceuticals, Inc.",EGRX
"Entertainment Gaming Asia Incorporated",EGT
"eHealth, Inc.",EHTH
"Endurance International Group Holdings, Inc.",EIGI
"Endologix, Inc.",ELGX
"EarthLink Holdings Corp.",ELNK
"Echelon Corporation",ELON
"Syneron Medical Ltd.",ELOS
"Electro Rent Corporation",ELRC
Electro,ELSE
"Eltek Ltd.",ELTK
"WisdomTree Emerging Markets Corporate Bond Fund",EMCB
"Emclaire Financial Corp",EMCF
"WisdomTree Emerging Markets Consumer Growth Fund",EMCG
"EMC Insurance Group Inc.",EMCI
"iShares MSCI Emerging Markets Consumer Discrectionary Sector Index Fund",EMDI
"iShares MSCI Emerging Markets Energy Sector Capped Index Fund",EMEY
"iShares S&P Emerging Markets Infrastructure Index Fund",EMIF
"Elbit Imaging Ltd.",EMITF
"EMCORE Corporation",EMKR
"Eastern Company (The)",EML
"Emmis Communications Corporation",EMMS
"Emmis Communications Corporation",EMMSP
"Endo International plc",ENDP
"Entegra Financial Corp.",ENFC
"ENGlobal Corporation",ENG
"EnerNOC, Inc.",ENOC
"Enphase Energy, Inc.",ENPH
"The Ensign Group, Inc.",ENSG
"Global Eagle Entertainment Inc.",ENT
"Enanta Pharmaceuticals, Inc.",ENTA
"Entegris, Inc.",ENTG
"Entropic Communications, Inc.",ENTR
"Envivio, Inc.",ENVI
"Enzon Pharmaceuticals, Inc.",ENZN
"Enzymotec Ltd.",ENZY
"E2open, Inc.",EOPN
"Ambassadors Group, Inc.",EPAX
"Bottomline Technologies, Inc.",EPAY
"EPIQ Systems, Inc.",EPIQ
"EPIRUS Biopharmaceuticals, Inc.",EPRS
"Epizyme, Inc.",EPZM
"Equinix, Inc.",EQIX
"Eldorado Resorts, Inc.",ERI
Ericsson,ERIC
"Erie Indemnity Company",ERIE
"Energy Recovery, Inc.",ERII
"Eagle Rock Energy Partners, L.P.",EROC
"Empire Resources, Inc.",ERS
"VelocityShares Equal Risk Weighted Large Cap ETF",ERW
"ESB Financial Corporation",ESBF
"Elmira Savings Bank NY (The)",ESBK
"Escalade, Incorporated",ESCA
"Escalera Resources Co.",ESCR
"Escalera Resources Co.",ESCRP
"Euroseas Ltd.",ESEA
"Enstar Group Limited",ESGR
"Electro Scientific Industries, Inc.",ESIO
"Elbit Systems Ltd.",ESLT
"Escalon Medical Corp.",ESMC
"Esperion Therapeutics, Inc.",ESPR
"Express Scripts Holding Company",ESRX
"ESSA Bancorp, Inc.",ESSA
"Essex Rental Corporation",ESSX
"Community Bankers Trust Corporation.",ESXB
"Elecsys Corporation",ESYS
"E*TRADE Financial Corporation",ETFC
"EnteroMedics Inc.",ETRM
"iShares MSCI Europe Financials Sector Index Fund",EUFN
"iShares MSCI Emerging Markets Value Index Fund",EVAL
"Lombard Medical, Inc.",EVAR
"Eastern Virginia Bankshares, Inc.",EVBS
"EV Energy Partners, L.P.",EVEP
Ever,EVK
"EVINE Live Inc.",EVLV
"Evoke Pharma, Inc.",EVOK
"Evolving Systems, Inc.",EVOL
"EveryWare Global, Inc.",EVRY
"East West Bancorp, Inc.",EWBC
"Exa Corporation",EXA
"Exactech, Inc.",EXAC
"Exact Sciences Corporation",EXAS
"Exelixis, Inc.",EXEL
"EXFO Inc",EXFO
"Exterran Partners, L.P.",EXLP
"ExlService Holdings, Inc.",EXLS
"Expeditors International of Washington, Inc.",EXPD
"Expedia, Inc.",EXPE
"Exponent, Inc.",EXPO
"Extreme Networks, Inc.",EXTR
"Energy XXI Ltd.",EXXI
"Second Sight Medical Products, Inc.",EYES
"EZchip Semiconductor Limited",EZCH
"EZCORP, Inc.",EZPW
"FalconStor Software, Inc.",FALC
"Diamondback Energy, Inc.",FANG
"Farmer Brothers Company",FARM
"FARO Technologies, Inc.",FARO
"Fastenal Company",FAST
"Fate Therapeutics, Inc.",FATE
"Facebook, Inc.",FB
"First Business Financial Services, Inc.",FBIZ
"The First Bancshares, Inc.",FBMS
"First Bancorp",FBNC
"First Connecticut Bancorp, Inc.",FBNK
"FBR & Co",FBRC
"Fauquier Bankshares, Inc.",FBSS
"First Capital, Inc.",FCAP
"First Community Bancshares, Inc.",FCBC
"First Community Corporation",FCCO
"1st Constitution Bancorp (NJ)",FCCY
"FuelCell Energy, Inc.",FCEL
"First Cash Financial Services, Inc.",FCFS
"iShares FTSE China (HK Listed) Index Fund",FCHI
"First Clover Leaf Financial Corp.",FCLF
"First Citizens BancShares, Inc.",FCNCA
"Fairchild Semiconductor International, Inc.",FCS
"Fibrocell Science Inc",FCSC
"1st Century Bancshares, Inc",FCTY
"First Capital Bancorp, Inc. (VA)",FCVA
"First Citizens Banc Corp.",FCZA
"First Citizens Banc Corp.",FCZAP
"First Defiance Financial Corp.",FDEF
"First Trust Strategic Income ETF",FDIV
Federal,FDML
"Fidus Investment Corporation",FDUS
"FEI Company",FEIC
"Frequency Electronics, Inc.",FEIM
"Franklin Electric Co., Inc.",FELE
"First Trust Emerging Markets Local Currency Bond ETF",FEMB
"Forbes Energy Services Ltd",FES
"First Trust Eurozone AlphaDEX ETF",FEUZ
"FireEye, Inc.",FEYE
"First Financial Bancorp.",FFBC
"First Financial Bancorp.",FFBCW
"Fuwei Films (Holdings) Co., Ltd.",FFHL
"Flushing Financial Corporation",FFIC
"First Financial Bankshares, Inc.",FFIN
"F5 Networks, Inc.",FFIV
"Farmers Capital Bank Corporation",FFKT
"First Federal of Northern Michigan Bancorp, Inc.",FFNM
"First Financial Northwest, Inc.",FFNW
"First Foundation Inc.",FFWM
"FibroGen, Inc",FGEN
"Female Health Company (The)",FHCO
"First Interstate BancSystem, Inc.",FIBK
"The Finish Line, Inc.",FINL
"Marlin Midstream Partners, LP",FISH
"Financial Institutions, Inc.",FISI
"Fiserv, Inc.",FISV
"Fifth Third Bancorp",FITB
"Fifth Third Bancorp",FITBI
"Five Below, Inc.",FIVE
"Five9, Inc.",FIVN
"National Beverage Corp.",FIZZ
"Barclays PLC",FLAT
"Fluidigm Corporation",FLDM
"Flextronics International Ltd.",FLEX
"The First of Long Island Corporation",FLIC
"FLIR Systems, Inc.",FLIR
"Full House Resorts, Inc.",FLL
"Flamel Technologies S.A.",FLML
1,FLWS
"Flexion Therapeutics, Inc.",FLXN
"Flexsteel Industries, Inc.",FLXS
"First Trust Managed Municipal ETF",FMB
"First Mid",FMBH
"First Midwest Bancorp, Inc.",FMBI
"FirstMerit Corporation",FMER
"Foundation Medicine, Inc.",FMI
"Farmers National Banc Corp.",FMNB
"First NBC Bank Holding Company",FNBC
"First Niagara Financial Group Inc.",FNFG
"Financial Engines, Inc.",FNGN
"Federated National Holding Company",FNHC
"Finjan Holdings, Inc.",FNJN
"First Bancorp, Inc (ME)",FNLC
"ForceField Energy Inc.",FNRG
"Finisar Corporation",FNSR
"Amicus Therapeutics, Inc.",FOLD
"Foamix Pharmaceuticals Ltd.",FOMX
"First Trust NASDAQ CEA Smartphone Index Fund",FONE
"Fonar Corporation",FONR
"Forward Industries, Inc.",FORD
"FormFactor, Inc.",FORM
"Forrester Research, Inc.",FORR
"Formula Systems (1985) Ltd.",FORTY
"Fossil Group, Inc.",FOSL
Twenty,FOX
Twenty,FOXA
"Fox Factory Holding Corp.",FOXF
"Five Prime Therapeutics, Inc.",FPRX
"First Trust International IPO ETF",FPXI
"Francesca's Holdings Corporation",FRAN
"First Bank",FRBA
"Republic First Bancorp, Inc.",FRBK
"Fred's, Inc.",FRED
"FreeSeas Inc.",FREE
"Fiesta Restaurant Group, Inc.",FRGI
"First Merchants Corporation",FRME
"FairPoint Communications, Inc.",FRP
"FRP Holdings, Inc.",FRPH
"FRP Holdings, Inc.",FRPHV
"Freshpet, Inc.",FRPT
"Papa Murphy's Holdings, Inc.",FRSH
"Fifth Street Asset Management Inc.",FSAM
"First South Bancorp Inc",FSBK
"FS Bancorp, Inc.",FSBW
"Fifth Street Finance Corp.",FSC
"Fifth Street Finance Corp.",FSCFL
"First Savings Financial Group, Inc.",FSFG
"Fifth Street Senior Floating Rate Corp.",FSFR
"First Security Group, Inc.",FSGI
"First Solar, Inc.",FSLR
"Fusion Telecommunications International, Inc.",FSNN
"FirstService Corporation",FSRV
"L.B. Foster Company",FSTR
"Fuel Systems Solutions, Inc.",FSYS
"First Trust Capital Strength ETF",FTCS
"FTD Companies, Inc.",FTD
"Fuel Tech, Inc.",FTEK
"First Trust Global Tactical Commodity Strategy Fund",FTGC
"First Trust High Income ETF",FTHI
"First Trust Low Beta Income ETF",FTLB
"Fortinet, Inc.",FTNT
"Frontier Communications Corporation",FTR
"First Trust Senior Loan Fund ETF",FTSL
"First Trust Enhanced Short Maturity ETF",FTSM
"Rocket Fuel Inc.",FUEL
"Full Circle Capital Corporation",FULL
"Full Circle Capital Corporation",FULLL
"Fulton Financial Corporation",FULT
"First United Corporation",FUNC
"Royce Focus Trust, Inc.",FUND
"First Trust Dorsey Wright Focus 5 ETF",FV
"Fairway Group Holdings Corp.",FWM
"Forward Pharma A/S",FWP
"Forward Air Corporation",FWRD
"Fox Chase Bancorp, Inc.",FXCB
"FX Energy, Inc.",FXEN
"FX Energy, Inc.",FXENP
"German American Bancorp, Inc.",GABC
Global,GAI
"Gaiam, Inc.",GAIA
"Gladstone Investment Corporation",GAIN
"Gladstone Investment Corporation",GAINO
"Gladstone Investment Corporation",GAINP
"Galena Biopharma, Inc.",GALE
"Galectin Therapeutics Inc.",GALT
"Galectin Therapeutics Inc.",GALTU
"Galectin Therapeutics Inc.",GALTW
"Shanda Games Limited",GAME
"Garrison Capital Inc.",GARS
"StealthGas, Inc.",GASS
"Glacier Bancorp, Inc.",GBCI
"Golub Capital BDC, Inc.",GBDC
"GlobeImmune, Inc.",GBIM
"Global Indemnity plc",GBLI
"Guaranty Bancorp",GBNK
"Great Basin Scientific, Inc.",GBSN
"Greene County Bancorp, Inc.",GCBC
Sanofi,GCVRZ
"Global Defense & National Security Systems, Inc.",GDEF
"Gencor Industries Inc.",GENC
"Genetic Technologies Ltd",GENE
"Geospace Technologies Corporation",GEOS
"Geron Corporation",GERN
"Synageva BioPharma Corp.",GEVA
"Gevo, Inc.",GEVO
"Guaranty Federal Bancshares, Inc.",GFED
"General Finance Corporation",GFN
"General Finance Corporation",GFNCP
"General Finance Corporation",GFNSL
"Garnero Group Acquisition Company",GGAC
"Garnero Group Acquisition Company",GGACR
"Garnero Group Acquisition Company",GGACU
"Garnero Group Acquisition Company",GGACW
"Grupo Financiero Galicia S.A.",GGAL
"Genomic Health, Inc.",GHDX
"Gulf Island Fabrication, Inc.",GIFI
Giga,GIGA
"GigaMedia Limited",GIGM
G,GIII
"Gilead Sciences, Inc.",GILD
"Gilat Satellite Networks Ltd.",GILT
"G&K Services, Inc.",GK
"Geeknet, Inc.",GKNT
"Gladstone Capital Corporation",GLAD
"Gladstone Capital Corporation",GLADO
"Globus Maritime Limited",GLBS
"Glen Burnie Bancorp",GLBZ
"Golden Enterprises, Inc.",GLDC
"Great Lakes Dredge & Dock Corporation",GLDD
"Credit Suisse AG",GLDI
"Galmed Pharmaceuticals Ltd.",GLMD
"Golar LNG Limited",GLNG
"Gaming and Leisure Properties, Inc.",GLPI
"Greenlight Reinsurance, Ltd.",GLRE
"Glori Energy Inc",GLRI
"Glu Mobile Inc.",GLUU
"GlycoMimetics, Inc.",GLYC
"Gordmans Stores, Inc.",GMAN
"Keurig Green Mountain, Inc.",GMCR
"Golar LNG Partners LP",GMLP
"Green Bancorp, Inc.",GNBC
"Genocea Biosciences, Inc.",GNCA
"General Communication, Inc.",GNCMA
"iShares Core GNMA Bond ETF",GNMA
"GenMark Diagnostics, Inc.",GNMK
"Gentex Corporation",GNTX
"GenVec, Inc.",GNVC
"Gogo Inc.",GOGO
"Randgold Resources Limited",GOLD
"Sungy Mobile Limited",GOMO
"Gladstone Commercial Corporation",GOOD
"Gladstone Commercial Corporation",GOODN
"Gladstone Commercial Corporation",GOODO
"Gladstone Commercial Corporation",GOODP
"Google Inc.",GOOG
"Google Inc.",GOOGL
"Gaming Partners International Corporation",GPIC
"Gulfport Energy Corporation",GPOR
"Green Plains, Inc.",GPRE
"GoPro, Inc.",GPRO
"Green Brick Partners, Inc.",GRBK
"Grifols, S.A.",GRFS
"First Trust NASDAQ Clean Edge Smart Grid Infrastructure Index Fund",GRID
"Griffin Land & Nurseries, Inc.",GRIF
"Garmin Ltd.",GRMN
"U.S. Global Investors, Inc.",GROW
"Groupon, Inc.",GRPN
"GRAVITY Co., Ltd.",GRVY
"Great Southern Bancorp, Inc.",GSBC
"GSI Group, Inc.",GSIG
"GSI Technology, Inc.",GSIT
"Globe Specialty Metals Inc.",GSM
"Global Sources Ltd.",GSOL
"GSV Capital Corp",GSVC
"The Goodyear Tire & Rubber Company",GT
"Good Times Restaurants Inc.",GTIM
"Gentiva Health Services, Inc.",GTIV
"Chart Industries, Inc.",GTLS
"Georgetown Bancorp, Inc.",GTWN
"GTx, Inc.",GTXI
"Guidance Software, Inc.",GUID
"WisdomTree Middle East Dividend Fund",GULF
"Gulf Coast Ultra Deep Royalty Trust",GULTU
"Gulf Resources, Inc.",GURE
"GWG Holdings, Inc",GWGH
"GW Pharmaceuticals Plc",GWPH
"Gyrodyne Company of America, Inc.",GYRO
"Hawaiian Holdings, Inc.",HA
"The Habit Restaurants, Inc.",HABT
"Hanmi Financial Corporation",HAFC
"The Hain Celestial Group, Inc.",HAIN
"Hallmark Financial Services, Inc.",HALL
"Halozyme Therapeutics, Inc.",HALO
"Harvard Apparatus Regenerative Technology, Inc.",HART
"Hasbro, Inc.",HAS
"Blackhawk Network Holdings, Inc.",HAWK
"Blackhawk Network Holdings, Inc.",HAWKB
"Haynes International, Inc.",HAYN
"Huntington Bancshares Incorporated",HBAN
"Huntington Bancshares Incorporated",HBANP
"Home Bancorp, Inc.",HBCP
"Hancock Holding Company",HBHC
"Harvard Bioscience, Inc.",HBIO
"Hamilton Bancorp, Inc.",HBK
"Howard Bancorp, Inc.",HBMD
"Horizon Bancorp (IN)",HBNC
"Hampden Bancorp, Inc.",HBNK
"Heritage Financial Group",HBOS
"Huttig Building Products, Inc.",HBP
"Hennessy Capital Acquisition Corp.",HCAC
"Hennessy Capital Acquisition Corp.",HCACU
"Hennessy Capital Acquisition Corp.",HCACW
"Harvest Capital Credit Corporation",HCAP
"Hudson City Bancorp, Inc.",HCBK
Heritage,HCCI
"The Hackett Group, Inc.",HCKT
"Hawaiian Telcom Holdco, Inc.",HCOM
"Healthcare Services Group, Inc.",HCSG
"American Realty Capital Healthcare Trust, Inc.",HCT
"Hardinge, Inc.",HDNG
"Hortonworks, Inc.",HDP
"Hydra Industries Acquisition Corp.",HDRA
"Hydra Industries Acquisition Corp.",HDRAR
"Hydra Industries Acquisition Corp.",HDRAU
"Hydra Industries Acquisition Corp.",HDRAW
"HD Supply Holdings, Inc.",HDS
"Hudson Technologies, Inc.",HDSN
"Turtle Beach Corporation",HEAR
"H&E Equipment Services, Inc.",HEES
"Helen of Troy Limited",HELE
"Heritage Oaks Bancorp",HEOP
"Hercules Offshore, Inc.",HERO
"HopFed Bancorp, Inc.",HFBC
"Home Federal Bancorp, Inc. of Louisiana",HFBL
"HF Financial Corp.",HFFC
"Heritage Financial Corporation",HFWA
"China HGS Real Estate, Inc.",HGSH
"Hibbett Sports, Inc.",HIBB
"Hingham Institution for Savings",HIFS
"Highway Holdings Limited",HIHO
"Health Insurance Innovations, Inc.",HIIQ
"Dot Hill Systems Corporation",HILL
"Himax Technologies, Inc.",HIMX
"Hong Kong Television Network Limited",HKTV
"Harmonic Inc.",HLIT
"Home Loan Servicing Solutions, Ltd.",HLSS
"Houghton Mifflin Harcourt Company",HMHC
"Homeinns Hotel Group",HMIN
"HMN Financial, Inc.",HMNF
"Helios and Matheson Analytics Inc",HMNY
"Hampton Roads Bankshares Inc",HMPR
"HomeStreet, Inc.",HMST
"HMS Holdings Corp",HMSY
"Hemisphere Media Group, Inc.",HMTV
"Handy & Harman Ltd.",HNH
"Hennessy Advisors, Inc.",HNNA
"Hallador Energy Company",HNRG
"Hansen Medical, Inc.",HNSN
"Hooker Furniture Corporation",HOFT
"Hollysys Automation Technologies, Ltd.",HOLI
"Hologic, Inc.",HOLX
"Home BancShares, Inc.",HOMB
"Chanticleer Holdings, Inc.",HOTR
"Chanticleer Holdings, Inc.",HOTRW
"Hovnanian Enterprises Inc",HOVNP
"Highpower International Inc",HPJ
"Hyperion Therapeutics, Inc.",HPTX
"HealthEquity, Inc.",HQY
"Heron Therapeutics, Inc.",HRTX
"Horizon Technology Finance Corporation",HRZN
"Histogenics Corporation",HSGX
"Henry Schein, Inc.",HSIC
"Heidrick & Struggles International, Inc.",HSII
"Heska Corporation",HSKA
"HSN, Inc.",HSNI
"Hanwha SolarOne Co., Ltd.",HSOL
"Hudson Global, Inc.",HSON
"HealthStream, Inc.",HSTM
"HomeTrust Bancshares, Inc.",HTBI
"Heritage Commerce Corp",HTBK
"Heat Biologics, Inc.",HTBX
"Hutchinson Technology Incorporated",HTCH
"China Lodging Group, Limited",HTHT
"Heartland Express, Inc.",HTLD
"Heartland Financial USA, Inc.",HTLF
"HF2 Financial Management Inc.",HTWO
"Heartware International, Inc.",HTWR
"Hub Group, Inc.",HUBG
"Hurco Companies, Inc.",HURC
"Huron Consulting Group Inc.",HURN
"Healthways, Inc.",HWAY
"Hawthorn Bancshares, Inc.",HWBK
"Houston Wire & Cable Company",HWCC
"Hawkins, Inc.",HWKN
"Hydrogenics Corporation",HYGS
"First Trust High Yield Long/Short ETF",HYLS
"WisdomTree BofA Merrill Lynch High Yield Bond Negative Duration Fund",HYND
"WisdomTree BofA Merrill Lynch High Yield Bond Zero Duration Fund",HYZD
"Horizon Pharma plc",HZNP
IAC/InterActiveCorp,IACI
"Integra LifeSciences Holdings Corporation",IART
"iShares Nasdaq Biotechnology Index Fund",IBB
"Intervest Bancshares Corp.",IBCA
"Independent Bank Corporation",IBCP
"IBERIABANK Corporation",IBKC
"Interactive Brokers Group, Inc.",IBKR
"International Bancshares Corporation",IBOC
"Independent Bank Group, Inc",IBTX
"icad inc.",ICAD
"ImmuCell Corporation",ICCC
"Cellular Dynamics International, Inc.",ICEL
"ICF International, Inc.",ICFI
"InterCloud Systems, Inc",ICLD
"InterCloud Systems, Inc",ICLDW
"iShares S&P Global Clean Energy Index Fund",ICLN
"ICON plc",ICLR
"Iconix Brand Group, Inc.",ICON
"Intercept Pharmaceuticals, Inc.",ICPT
"ICU Medical, Inc.",ICUI
"InterDigital, Inc.",IDCC
"Idera Pharmaceuticals, Inc.",IDRA
"Industrial Services of America, Inc.",IDSA
"I.D. Systems, Inc.",IDSY
"Integrated Device Technology, Inc.",IDTI
"IDEXX Laboratories, Inc.",IDXX
"Icahn Enterprises L.P.",IEP
"Integrated Electrical Services, Inc.",IESC
"iShares MSCI Europe Small",IEUS
"iShares FTSE EPRA/NAREIT Asia Index Fund",IFAS
"iShares FTSE EPRA/NAREIT Europe Index Fund",IFEU
"iShares FTSE EPRA/NAREIT Global Real Estate ex",IFGL
"iShares FTSE EPRA/NAREIT North America Index Fund",IFNA
"InfoSonics Corp",IFON
"First Trust Dorsey Wright International Focus 5 ETF",IFV
"Internet Gold Golden Lines Ltd.",IGLD
"iShares S&P/Citigroup International Treasury Bond Fund",IGOV
"iGATE Corporation",IGTE
"Information Services Group, Inc.",III
"Insteel Industries, Inc.",IIIN
"Internet Initiative Japan, Inc.",IIJI
"Interval Leisure Group, Inc.",IILG
"IntriCon Corporation",IIN
II,IIVI
"Ikanos Communications, Inc.",IKAN
"Iao Kun Group Holding Company Limited",IKGH
"Ikonics Corporation",IKNX
"Illumina, Inc.",ILMN
"Immune Design Corp.",IMDZ
"ImmunoGen, Inc.",IMGN
"Intermolecular, Inc.",IMI
"Ingles Markets, Incorporated",IMKTA
"Immersion Corporation",IMMR
"Immunomedics, Inc.",IMMU
"Imprimis Pharmaceuticals, Inc.",IMMY
"Immune Pharmaceuticals Inc.",IMNP
"ChipMOS TECHNOLOGIES (Bermuda) LTD.",IMOS
"Imris Inc",IMRS
"Internap Corporation",INAP
"First Internet Bancorp",INBK
"INC Research Holdings, Inc.",INCR
"Incyte Corporation",INCY
"Independent Bank Corp.",INDB
"iShares S&P India Nifty 50 Index Fund",INDY
"Informatica Corporation",INFA
"Infinity Pharmaceuticals, Inc.",INFI
"Infinera Corporation",INFN
"Inogen, Inc",INGN
"Interactive Intelligence Group, Inc.",ININ
"Innocoll AG",INNL
"Inovio Pharmaceuticals, Inc.",INO
"Innodata Inc.",INOD
"Interphase Corporation",INPH
"Insmed, Inc.",INSM
"Insys Therapeutics, Inc.",INSY
"Intel Corporation",INTC
"The Intergroup Corporation",INTG
"INTL FCStone Inc.",INTL
"INTL FCStone Inc.",INTLL
"Intuit Inc.",INTU
"Intersections, Inc.",INTX
"Identiv, Inc.",INVE
"Inventergy Global, Inc.",INVT
"InnerWorkings, Inc.",INWK
"Innospec Inc.",IOSP
"Inter Parfums, Inc.",IPAR
"iPass Inc.",IPAS
"Infinity Property and Casualty Corporation",IPCC
"Intellipharmaceutics International Inc.",IPCI
"IPC Healthcare, Inc.",IPCM
"Professional Diversity Network, Inc.",IPDN
"IPG Photonics Corporation",IPGP
"Innophos Holdings, Inc.",IPHS
"PowerShares International BuyBack Achievers Portfolio",IPKW
"Ideal Power Inc.",IPWR
"Impax Laboratories, Inc.",IPXL
"Inteliquent, Inc.",IQNT
"iRobot Corporation",IRBT
"Iridium Communications Inc",IRDM
"Iridium Communications Inc",IRDMB
"Iridium Communications Inc",IRDMZ
"Ignite Restaurant Group, Inc.",IRG
"IRIDEX Corporation",IRIX
"iRadimed Corporation",IRMD
"IF Bancorp, Inc.",IROQ
"Ironwood Pharmaceuticals, Inc.",IRWD
"Investors Bancorp, Inc.",ISBC
"International Speedway Corporation",ISCA
"iShares S&P/Citigroup 1",ISHG
"Insignia Systems, Inc.",ISIG
"Intersil Corporation",ISIL
"Isis Pharmaceuticals, Inc.",ISIS
"Isle of Capri Casinos, Inc.",ISLE
"SLM Corporation",ISM
"Image Sensing Systems, Inc.",ISNS
"Intuitive Surgical, Inc.",ISRG
"Isramco, Inc.",ISRL
"Innovative Solutions and Support, Inc.",ISSC
"Integrated Silicon Solution, Inc.",ISSI
"Investar Holding Corporation",ISTR
Intra,ITCI
"Investors Title Company",ITIC
"Itron, Inc.",ITRI
"Ituran Location and Control Ltd.",ITRN
"Intevac, Inc.",IVAC
"Ivanhoe Energy, Inc.",IVAN
"IXYS Corporation",IXYS
"Jack In The Box Inc.",JACK
"Collabrium Japan Acquisition Corporation",JACQ
"Collabrium Japan Acquisition Corporation",JACQU
"Collabrium Japan Acquisition Corporation",JACQW
"JAKKS Pacific, Inc.",JAKK
"Jason Industries, Inc.",JASN
"Jason Industries, Inc.",JASNW
"JA Solar Holdings, Co., Ltd.",JASO
"Jacksonville Bancorp, Inc.",JAXB
"Jazz Pharmaceuticals plc",JAZZ
"J.B. Hunt Transport Services, Inc.",JBHT
"JetBlue Airways Corporation",JBLU
"John B. Sanfilippo & Son, Inc.",JBSS
"j2 Global, Inc.",JCOM
"Communications Systems, Inc.",JCS
Jewett,JCTCF
"JD.com, Inc.",JD
"JDS Uniphase Corporation",JDSU
"WisdomTree Japan Interest Rate Strategy Fund",JGBB
"Jive Software, Inc.",JIVE
"J & J Snack Foods Corp.",JJSF
"Jack Henry & Associates, Inc.",JKHY
"Jamba, Inc.",JMBA
"51job, Inc.",JOBS
"Joe's Jeans Inc.",JOEZ
"Johnson Outdoors Inc.",JOUT
"China Finance Online Co. Limited",JRJC
"James River Group Holdings, Ltd.",JRVR
"SLM Corporation",JSM
"Jinpan International Limited",JST
"JetPay Corporation",JTPY
"Juno Therapeutics, Inc.",JUNO
"Coffee Holding Co., Inc.",JVA
"Jacksonville Bancorp Inc.",JXSB
"The Joint Corp.",JYNT
"Kaiser Aluminum Corporation",KALU
"iKang Healthcare Group, Inc.",KANG
"Kimball International, Inc.",KBAL
"KaloBios Pharmaceuticals, Inc.",KBIO
"KBS Fashion Group Limited",KBSF
"KCAP Financial, Inc.",KCAP
"Kansas City Life Insurance Company",KCLI
"Kimball Electronics, Inc.",KE
"Kelly Services, Inc.",KELYA
"Kelly Services, Inc.",KELYB
"Kewaunee Scientific Corporation",KEQU
"Keryx Biopharmaceuticals, Inc.",KERX
"The KEYW Holding Corporation",KEYW
"Kentucky First Federal Bancorp",KFFB
"Kforce, Inc.",KFRC
"Kofax Limited",KFX
"Kingold Jewelry Inc.",KGJI
"Kindred Biosciences, Inc.",KIN
"Kingstone Companies, Inc",KINS
"Kirkland's, Inc.",KIRK
"Kite Pharma, Inc.",KITE
KLA,KLAC
"Kulicke and Soffa Industries, Inc.",KLIC
"KLX Inc.",KLXI
"Kamada Ltd.",KMDA
"Kandi Technologies Group, Inc.",KNDI
"Kona Grill, Inc.",KONA
"Kingtone Wirelessinfo Solution Holding Ltd",KONE
"Cesca Therapeutics Inc.",KOOL
"Kopin Corporation",KOPN
"Koss Corporation",KOSS
"Karyopharm Therapeutics Inc.",KPTI
"Kraft Foods Group, Inc.",KRFT
"Kearny Financial",KRNY
"Key Tronic Corporation",KTCC
"Key Technology, Inc.",KTEC
"Kratos Defense & Security Solutions, Inc.",KTOS
"K2M Group Holdings, Inc.",KTWO
"Ku6 Media Co., Ltd.",KUTV
"KVH Industries, Inc.",KVHI
"KraneShares CSI China Internet ETF",KWEB
"Kythera Biopharmaceuticals, Inc.",KYTH
"KongZhong Corporation",KZ
"Louisiana Bancorp, Inc.",LABC
Multi,LABL
"Lakes Entertainment, Inc.",LACO
"Lakeland Industries, Inc.",LAKE
"PowerShares Actively Managed Exchange",LALT
"Lamar Advertising Company",LAMR
"Lancaster Colony Corporation",LANC
"Gladstone Land Corporation",LAND
"Landmark Bancorp Inc.",LARK
"Lawson Products, Inc.",LAWS
"Layne Christensen Company",LAYN
"Lakeland Bancorp, Inc.",LBAI
"Leading Brands Inc",LBIX
"Liberty Broadband Corporation",LBRDA
"Liberty Broadband Corporation",LBRDK
"Liberty Broadband Corporation",LBRKR
"Liberty Global plc",LBTYA
"Liberty Global plc",LBTYB
"Liberty Global plc",LBTYK
"LCNB Corporation",LCNB
"Lifetime Brands, Inc.",LCUT
"LDR Holding Corporation",LDRH
"PowerShares LadderRite 0",LDRI
"Lands' End, Inc.",LE
"Lincoln Electric Holdings, Inc.",LECO
"SemiLEDS Corporation",LEDS
"Levy Acquisition Corp.",LEVY
"Levy Acquisition Corp.",LEVYU
"Levy Acquisition Corp.",LEVYW
"Littelfuse, Inc.",LFUS
"Lifevantage Corporation",LFVN
"Legacy Reserves LP",LGCY
"Legacy Reserves LP",LGCYO
"Legacy Reserves LP",LGCYP
"LGI Homes, Inc.",LGIH
"Ligand Pharmaceuticals Incorporated",LGND
"LHC Group",LHCG
"Lime Energy Co.",LIME
"Lincoln Educational Services Corporation",LINC
"Linn Energy, LLC",LINE
"Fidelity Southern Corporation",LION
"Lionbridge Technologies, Inc.",LIOX
"Liquid Holdings Group, Inc.",LIQD
"LiveDeal, Inc.",LIVE
"La Jolla Pharmaceutical Company",LJPC
"Lakeland Financial Corporation",LKFN
"LKQ Corporation",LKQ
"Lilis Energy, Inc.",LLEX
"Limelight Networks, Inc.",LLNW
"Linear Technology Corporation",LLTC
"LeMaitre Vascular, Inc.",LMAT
"First Trust Low Duration Mortgage Opportunities ETF",LMBS
"Liberty Media Corporation",LMCA
"Liberty Media Corporation",LMCB
"Liberty Media Corporation",LMCK
"LMI Aerospace, Inc.",LMIA
"Limoneira Co",LMNR
"Lumenis Ltd.",LMNS
"Luminex Corporation",LMNX
"Lumos Networks Corp.",LMOS
"Landmark Infrastructure Partners LP",LMRK
"LNB Bancorp, Inc.",LNBB
Snyder's,LNCE
"Linn Co, LLC",LNCO
"Landec Corporation",LNDC
"Manhattan Bridge Capital, Inc",LOAN
"Local Corporation",LOCM
"El Pollo Loco Holdings, Inc.",LOCO
"Logitech International S.A.",LOGI
"LogMein, Inc.",LOGM
"LoJack Corporation",LOJN
"eLong, Inc.",LONG
"LookSmart, Ltd.",LOOK
"Grand Canyon Education, Inc.",LOPE
"Loral Space and Communications, Inc.",LORL
"Loxo Oncology, Inc.",LOXO
"Lipocine Inc.",LPCN
"Life Partners Holdings Inc",LPHI
"LPL Financial Holdings Inc.",LPLA
"LifePoint Hospitals, Inc.",LPNT
"LaPorte Bancorp, Inc.",LPSB
"LivePerson, Inc.",LPSN
"LightPath Technologies, Inc.",LPTH
"Lpath, Inc.",LPTN
"Liquidity Services, Inc.",LQDT
"LRAD Corporation",LRAD
"Lam Research Corporation",LRCX
"Lake Shore Bancorp, Inc.",LSBK
"Lattice Semiconductor Corporation",LSCC
"Landstar System, Inc.",LSTR
"Lightbridge Corporation",LTBR
"Learning Tree International, Inc.",LTRE
"Liberty TripAdvisor Holdings, Inc.",LTRPA
"Liberty TripAdvisor Holdings, Inc.",LTRPB
"Lantronix, Inc.",LTRX
"LegacyTexas Financial Group, Inc.",LTXB
"lululemon athletica inc.",LULU
"Luna Innovations Incorporated",LUNA
"Liberty Interactive Corporation",LVNTA
"Liberty Interactive Corporation",LVNTB
"Lifeway Foods, Inc.",LWAY
"Lexicon Pharmaceuticals, Inc.",LXRX
"LSI Industries Inc.",LYTS
"Merrimack Pharmaceuticals, Inc.",MACK
"Magnetek, Inc.",MAG
"Magal Security Systems Ltd.",MAGS
"MAM Software Group, Inc.",MAMS
"Manhattan Associates, Inc.",MANH
"ManTech International Corporation",MANT
"Marriott International",MAR
"Marathon Patent Group, Inc.",MARA
"Remark Media, Inc.",MARK
"Marine Petroleum Trust",MARPS
"Masimo Corporation",MASI
"Mattel, Inc.",MAT
"Mattersight Corporation",MATR
"Matthews International Corporation",MATW
"J. W. Mays, Inc.",MAYS
"Middlefield Banc Corp.",MBCN
"MB Financial Inc.",MBFI
"MB Financial Inc.",MBFIP
"Marrone Bio Innovations, Inc.",MBII
"Metabolix, Inc.",MBLX
"Middleburg Financial Corporation",MBRG
"FlexShares Disciplined Duration MBS Index Fund",MBSD
"M B T Financial Corp",MBTF
"Malibu Boats, Inc.",MBUU
"Merchants Bancshares, Inc.",MBVT
"Mercantile Bank Corporation",MBWM
"Macatawa Bank Corporation",MCBC
"Madison County Financial, Inc.",MCBK
Mid,MCEP
"MCG Capital Corporation",MCGC
"Microchip Technology Incorporated",MCHP
"Marchex, Inc.",MCHX
"Mecox Lane Limited",MCOX
"Monarch Casino & Resort, Inc.",MCRI
"Micrel, Incorporated",MCRL
"Macrocure Ltd.",MCUR
"MedAssets, Inc.",MDAS
"MDC Partners Inc.",MDCA
"The Medicines Company",MDCO
"First Trust Exchange",MDIV
"Mondelez International, Inc.",MDLZ
"Mountain Province Diamonds Inc.",MDM
"Allscripts Healthcare Solutions, Inc.",MDRX
"Medidata Solutions, Inc.",MDSO
"BluePhoenix Solutions, Ltd.",MDSY
"Medivation, Inc.",MDVN
"Medovex Corp.",MDVXU
"MediWound Ltd.",MDWD
"MiMedx Group, Inc",MDXG
"MeetMe, Inc.",MEET
"Methes Energies International Ltd",MEIL
"Methes Energies International Ltd",MEILW
"Methes Energies International Ltd",MEILZ
"MEI Pharma, Inc.",MEIP
"MELA Sciences, Inc",MELA
"MercadoLibre, Inc.",MELI
"Melrose Bancorp, Inc.",MELR
"Memorial Production Partners LP",MEMP
"Mentor Graphics Corporation",MENT
"Methanex Corporation",MEOH
"Mercer International Inc.",MERC
"Meru Networks, Inc.",MERU
"Metro Bancorp, Inc",METR
"MicroFinancial Incorporated",MFI
Multi,MFLX
"Mackinac Financial Corporation",MFNC
"MFRI, Inc.",MFRI
"Mattress Firm Holding Corp.",MFRM
"MutualFirst Financial Inc.",MFSF
"MGC Diagnostics Corporation",MGCD
"MGE Energy Inc.",MGEE
"Moneygram International, Inc.",MGI
"Magic Software Enterprises Ltd.",MGIC
"Magellan Health, Inc.",MGLN
"MacroGenics, Inc.",MGNX
"MGP Ingredients, Inc.",MGPI
"McGrath RentCorp",MGRC
"Magyar Bancorp, Inc.",MGYR
"Morgans Hotel Group Co.",MHGC
"Maiden Holdings, Ltd.",MHLD
"Maiden Holdings, Ltd.",MHLDO
"Micronet Enertec Technologies, Inc.",MICT
"Micronet Enertec Technologies, Inc.",MICTW
"The Middleby Corporation",MIDD
"Novatel Wireless, Inc.",MIFI
"The Michaels Companies, Inc.",MIK
"Mitcham Industries, Inc.",MIND
"Mobile Mini, Inc.",MINI
"Mitek Systems, Inc.",MITK
"Mitel Networks Corporation",MITL
"MKS Instruments, Inc.",MKSI
"Marketo, Inc.",MKTO
"MarketAxess Holdings, Inc.",MKTX
"Mesa Laboratories, Inc.",MLAB
"Herman Miller, Inc.",MLHR
"ModusLink Global Solutions, Inc",MLNK
"Mellanox Technologies, Ltd.",MLNX
"Malvern Bancorp, Inc.",MLVF
"MMA Capital Management, LLC",MMAC
"Martin Midstream Partners L.P.",MMLP
"Merit Medical Systems, Inc.",MMSI
"MakeMyTrip Limited",MMYT
"Mandalay Digital Group, Inc",MNDL
"MIND C.T.I. Ltd.",MNDO
"MagneGas Corporation",MNGA
"MannKind Corporation",MNKD
"MediciNova, Inc.",MNOV
"Monarch Financial Holdings, Inc.",MNRK
"Monro Muffler Brake, Inc.",MNRO
"Monster Beverage Corporation",MNST
"Momenta Pharmaceuticals, Inc.",MNTA
"Manitex International, Inc.",MNTX
Sky,MOBI
"MobileIron, Inc.",MOBL
"MOCON, Inc.",MOCO
"MidWestOne Financial Group, Inc.",MOFG
"MOKO Social Media Ltd.",MOKO
"MOL Global, Inc.",MOLG
"Momo Inc.",MOMO
"Morningstar, Inc.",MORN
"MoSys, Inc.",MOSY
"Motorcar Parts of America, Inc.",MPAA
"Mid Penn Bancorp",MPB
"Melco Crown Entertainment Limited",MPEL
"Magellan Petroleum Corporation",MPET
"Monolithic Power Systems, Inc.",MPWR
"Monroe Capital Corporation",MRCC
"Mercury Systems Inc",MRCY
"Memorial Resource Development Corp.",MRD
"Merge Healthcare Incorporated.",MRGE
"Markit Ltd.",MRKT
"Marlin Business Services Corp.",MRLN
"Marinus Pharmaceuticals, Inc.",MRNS
"Marten Transport, Ltd.",MRTN
"Mirati Therapeutics, Inc.",MRTX
"MRV Communications, Inc.",MRVC
"Marvell Technology Group Ltd.",MRVL
"MSB Financial Corp.",MSBF
"Microsemi Corporation",MSCC
"Middlesex Water Company",MSEX
"MainSource Financial Group, Inc.",MSFG
"Microsoft Corporation",MSFT
"The Madison Square Garden Company",MSG
"Merus Labs International Inc.",MSLI
"MISONIX, Inc.",MSON
"MicroStrategy Incorporated",MSTR
"Medical Transcription Billing, Corp.",MTBC
"Mannatech, Incorporated",MTEX
"American Capital Mortgage Investment Corp.",MTGE
"American Capital Mortgage Investment Corp.",MTGEP
"Materialise NV",MTLS
"Matrix Service Company",MTRX
"MTS Systems Corporation",MTSC
M/A,MTSI
"MER Telemanagement Solutions Ltd.",MTSL
"Mattson Technology, Inc.",MTSN
"Micron Technology, Inc.",MU
"AdvisorShares Sunrise Global Multi",MULT
"Microvision, Inc.",MVIS
"MWI Veterinary Supply, Inc.",MWIV
"Maxim Integrated Products, Inc.",MXIM
"Maxwell Technologies, Inc.",MXWL
"Myriad Genetics, Inc.",MYGN
"Mylan Inc.",MYL
"MYOS Corporation",MYOS
"MYR Group, Inc.",MYRG
"Mazor Robotics Ltd.",MZOR
"Natural Alternatives International, Inc.",NAII
"Rightside Group, Ltd.",NAME
"Nanometrics Incorporated",NANO
"Nathan's Famous, Inc.",NATH
"National Instruments Corporation",NATI
"National Interstate Corporation",NATL
"Nature's Sunshine Products, Inc.",NATR
"National American University Holdings, Inc.",NAUH
"The Navigators Group, Inc.",NAVG
"Navient Corporation",NAVI
"NewBridge Bancorp",NBBC
"Neurocrine Biosciences, Inc.",NBIX
"Northeast Bancorp",NBN
"Neostem, Inc.",NBS
"NBT Bancorp Inc.",NBTB
"NB&T FINANCIAL GROUP INC",NBTF
"NCI, Inc.",NCIT
"Norwegian Cruise Line Holdings Ltd.",NCLH
"National CineMedia, Inc.",NCMI
"The9 Limited",NCTY
"The NASDAQ OMX Group, Inc.",NDAQ
"Noodles & Company",NDLS
"NeuroDerm Ltd.",NDRM
"Nordson Corporation",NDSN
"Northeast Community Bancorp, Inc.",NECB
"NeoGenomics, Inc.",NEO
"Neogen Corporation",NEOG
"Neonode Inc.",NEON
"Neothetics, Inc.",NEOT
"Neptune Technologies & Bioresources Inc",NEPT
"Minerva Neurosciences, Inc",NERV
"Net Element, Inc.",NETE
"Newport Corporation",NEWP
"NewStar Financial, Inc.",NEWS
"Newtek Business Services Corp.",NEWT
"Northfield Bancorp, Inc.",NFBK
"NF Energy Saving Corporation",NFEC
"Netflix, Inc.",NFLX
"National General Holdings Corp",NGHC
"National General Holdings Corp",NGHCP
"New Hampshire Thrift Bancshares, Inc.",NHTB
NICE,NICE
"Nicholas Financial, Inc.",NICK
"Blue Nile, Inc.",NILE
"National Bankshares, Inc.",NKSH
"Nektar Therapeutics",NKTR
"NewLink Genetics Corporation",NLNK
"Netlist, Inc.",NLST
"NMI Holdings Inc",NMIH
"Numerex Corp.",NMRX
"NN, Inc.",NNBR
"National Penn Bancshares, Inc.",NPBC
"NPS Pharmaceuticals, Inc.",NPSP
"National Research Corporation",NRCIA
"National Research Corporation",NRCIB
"Northrim BanCorp Inc",NRIM
"NephroGenex, Inc.",NRX
"National Security Group, Inc.",NSEC
"Insight Enterprises, Inc.",NSIT
"Nanosphere, Inc.",NSPH
"NAPCO Security Technologies, Inc.",NSSC
"NanoString Technologies, Inc.",NSTG
"Nortech Systems Incorporated",NSYS
"NetApp, Inc.",NTAP
"NetScout Systems, Inc.",NTCT
"NetEase, Inc.",NTES
"NETGEAR, Inc.",NTGR
"Northern Technologies International Corporation",NTIC
"Nortek Inc.",NTK
"NTELOS Holdings Corp.",NTLS
"NutriSystem Inc",NTRI
"Northern Trust Corporation",NTRS
"Northern Trust Corporation",NTRSP
"NetSol Technologies Inc.",NTWK
"Nuance Communications, Inc.",NUAN
"NeuroMetrix, Inc.",NURO
"Nutraceutical International Corporation",NUTR
"NuVasive, Inc.",NUVA
"Novavax, Inc.",NVAX
"Neovasc Inc.",NVCN
"NVIDIA Corporation",NVDA
"Novadaq Technologies Inc",NVDQ
"NVE Corporation",NVEC
"NV5 Holdings, Inc.",NVEE
"NV5 Holdings, Inc.",NVEEW
"Nova Lifestyle, Inc",NVFY
"Novogen Limited",NVGN
"Nova Measuring Instruments Ltd.",NVMI
"Naugatuck Valley Financial Corporation",NVSL
"Northwest Bancshares, Inc.",NWBI
"Northwest Biotherapeutics, Inc.",NWBO
"Northwest Biotherapeutics, Inc.",NWBOW
"Norwood Financial Corp.",NWFL
"National Western Life Insurance Company",NWLI
"Northwest Pipe Company",NWPX
"News Corporation",NWS
"News Corporation",NWSA
"NXP Semiconductors N.V.",NXPI
"Nexstar Broadcasting Group, Inc.",NXST
NXT,NXTD
NXT,NXTDW
"NxStage Medical, Inc.",NXTM
"New York Mortgage Trust, Inc.",NYMT
"New York Mortgage Trust, Inc.",NYMTP
"Nymox Pharmaceutical Corporation",NYMX
"Empire Resorts, Inc.",NYNY
"Optibase Ltd.",OBAS
"Ocean Bio",OBCI
"Optical Cable Corporation",OCC
"OceanFirst Financial Corp.",OCFC
"Oclaro, Inc.",OCLR
"Oculus Innovative Sciences, Inc.",OCLS
"Ocera Therapeutics, Inc.",OCRX
"Ocular Therapeutix, Inc.",OCUL
"Old Dominion Freight Line, Inc.",ODFL
"Office Depot, Inc.",ODP
"Oconee Federal Financial Corp.",OFED
"Orthofix International N.V.",OFIX
"Omega Flex, Inc.",OFLX
"OFS Capital Corporation",OFS
"OncoGenex Pharmaceuticals Inc.",OGXI
"OHA Investment Corporation",OHAI
"One Horizon Group, Inc.",OHGI
"Ohr Pharmaceuticals, Inc.",OHRP
"O2Micro International Limited",OIIM
"Southwest Bancorp, Inc.",OKSB
"Old Line Bancshares, Inc.",OLBK
"Universal Display Corporation",OLED
"Grupo Aeroportuario del Centro Norte S.A.B. de C.V.",OMAB
"Omnicell, Inc.",OMCL
"OncoMed Pharmaceuticals, Inc.",OMED
"Omeros Corporation",OMER
"Odyssey Marine Exploration, Inc.",OMEX
"Old National Bancorp",ONB
"Oncolytics Biotech, Inc.",ONCY
"Fidelity Nasdaq Composite Index Tracking Stock",ONEQ
"Oneida Financial Corp.",ONFC
"ON Semiconductor Corporation",ONNN
"Onconova Therapeutics, Inc.",ONTX
"Oncothyreon Inc.",ONTY
"Onvia, Inc.",ONVI
"Opus Bank",OPB
"OptimumBank Holdings, Inc.",OPHC
"Ophthotech Corporation",OPHT
"Old Point Financial Corporation",OPOF
"Ocean Power Technologies, Inc.",OPTT
"Opexa Therapeutics, Inc.",OPXA
"ORBCOMM Inc.",ORBC
"Orbotech Ltd.",ORBK
"Orexigen Therapeutics, Inc.",OREX
"Ocean Rig UDW Inc.",ORIG
"Oritani Financial Corp.",ORIT
"O'Reilly Automotive, Inc.",ORLY
"Oramed Pharmaceuticals Inc.",ORMP
"Bio Blast Pharma Ltd.",ORPN
"Orrstown Financial Services Inc",ORRF
"Old Second Bancorp, Inc.",OSBC
"Old Second Bancorp, Inc.",OSBCP
"Ocean Shore Holding Co.",OSHC
"Osiris Therapeutics, Inc.",OSIR
"OSI Systems, Inc.",OSIS
"SLM Corporation",OSM
"Ossen Innovation Co., Ltd.",OSN
"Overstock.com, Inc.",OSTK
"OraSure Technologies, Inc.",OSUR
"Otelco Inc.",OTEL
"Open Text Corporation",OTEX
"Otonomy, Inc.",OTIC
"On Track Innovations Ltd",OTIV
"Otter Tail Corporation",OTTR
"Outerwall Inc.",OUTR
"OvaScience Inc.",OVAS
"Ohio Valley Banc Corp.",OVBC
"Oak Valley Bancorp (CA)",OVLY
"OmniVision Technologies, Inc.",OVTI
"Oxbridge Re Holdings Limited",OXBR
"Oxbridge Re Holdings Limited",OXBRW
"Oxford Immunotec Global PLC",OXFD
"OXiGENE, Inc.",OXGN
"Oxford Lane Capital Corp.",OXLC
"Oxford Lane Capital Corp.",OXLCN
"Oxford Lane Capital Corp.",OXLCO
"Oxford Lane Capital Corp.",OXLCP
"Bank of the Ozarks",OZRK
"Pan American Silver Corp.",PAAS
"Pacific Biosciences of California, Inc.",PACB
"PacWest Bancorp",PACW
"PowerShares Global Agriculture Portfolio",PAGG
"Phibro Animal Health Corporation",PAHC
"Pangaea Logistics Solutions Ltd.",PANL
"Parnell Pharmaceuticals Holdings Ltd",PARN
"New Patriot Transportation Holding, Inc.",PATIV
"Patrick Industries, Inc.",PATK
"Paychex, Inc.",PAYX
"Polonia Bancorp, Inc.",PBCP
"People's United Financial, Inc.",PBCT
"Pathfinder Bancorp, Inc.",PBHC
"Porter Bancorp, Inc.",PBIB
"Prudential Bancorp, Inc.",PBIP
"Prima BioMed Ltd",PBMD
"Potbelly Corporation",PBPB
"Poage Bankshares, Inc.",PBSK
"PACCAR Inc.",PCAR
"Pacific Continental Corporation (Ore)",PCBK
"PC Connection, Inc.",PCCC
"Potlatch Corporation",PCH
"The Priceline Group Inc.",PCLN
"PCM, Inc.",PCMI
"Pendrell Corporation",PCO
"Points International, Ltd.",PCOM
"Pacira Pharmaceuticals, Inc.",PCRX
PC,PCTI
"Paylocity Holding Corporation",PCTY
"Pharmacyclics, Inc.",PCYC
"Park City Group, Inc.",PCYG
"Pure Cycle Corporation",PCYO
"PowerShares DB Optimum Yield Diversified Commodity Strategy Portfolio",PDBC
"PDC Energy, Inc.",PDCE
"Patterson Companies, Inc.",PDCO
Pro,PDEX
"PDF Solutions, Inc.",PDFS
"PDI, Inc.",PDII
"PDL BioPharma, Inc.",PDLI
"Peoples Bancorp of North Carolina, Inc.",PEBK
"Peoples Bancorp Inc.",PEBO
"Pegasystems Inc.",PEGA
"Pattern Energy Group Inc.",PEGI
"Pacific Ethanol, Inc.",PEIX
"Penn National Gaming, Inc.",PENN
"Penford Corporation",PENX
"Peoples Federal Bancshares, Inc.",PEOP
"Perfumania Holdings, Inc",PERF
"Perion Network Ltd",PERI
"Perry Ellis International Inc.",PERY
Perma,PESI
"PetSmart, Inc",PETM
"PetMed Express, Inc.",PETS
"Aratana Therapeutics, Inc.",PETX
"Preferred Bank",PFBC
"Premier Financial Bancorp, Inc.",PFBI
"Peoples Financial Corporation",PFBX
"Profire Energy, Inc.",PFIE
"P & F Industries, Inc.",PFIN
"Peoples Financial Services Corp.",PFIS
"PennantPark Floating Rate Capital Ltd.",PFLT
"Performant Financial Corporation",PFMT
"Proofpoint, Inc.",PFPT
"PFSweb, Inc.",PFSW
Peapack,PGC
"Progenics Pharmaceuticals Inc.",PGNX
"PGT, Inc.",PGTI
"PHI, Inc.",PHII
"PHI, Inc.",PHIIK
"PhotoMedex, Inc.",PHMD
"PICO Holdings Inc.",PICO
"1347 Property Insurance Holdings, Inc.",PIH
"Premier, Inc.",PINC
"Parke Bancorp, Inc.",PKBK
Park,PKOH
"Procera Networks, Inc.",PKT
"Photronics, Inc.",PLAB
"Dave & Buster's Entertainment, Inc.",PLAY
"Plumas Bancorp",PLBC
"Children's Place, Inc. (The)",PLCE
"Polycom, Inc.",PLCM
"Popeyes Louisiana Kitchen, Inc.",PLKI
"Palmetto Bancshares, Inc. (SC)",PLMT
"Planar Systems, Inc.",PLNR
"Preformed Line Products Company",PLPC
"Planet Payment, Inc.",PLPM
"First Trust ISE Global Platinum Index Fund",PLTM
"Plug Power, Inc.",PLUG
"ePlus inc.",PLUS
"Plexus Corp.",PLXS
"Pacific Mercantile Bancorp",PMBC
PMC,PMCS
"Psychemedics Corporation",PMD
"Pingtan Marine Enterprise Ltd.",PME
"PMFG, Inc.",PMFG
"Patriot National Bancorp Inc.",PNBK
"Pinnacle Financial Partners, Inc.",PNFP
"PennantPark Investment Corporation",PNNT
"PowerShares Nasdaq Internet Portfolio",PNQI
"Panera Bread Company",PNRA
"PrimeEnergy Corporation",PNRG
"Pointer Telocation Ltd.",PNTR
"Insulet Corporation",PODD
"Pool Corporation",POOL
"Pope Resources",POPE
"Power Integrations, Inc.",POWI
"Powell Industries, Inc.",POWL
"Pozen, Inc.",POZN
"Pacific Premier Bancorp Inc",PPBI
"Pilgrim's Pride Corporation",PPC
"Peregrine Pharmaceuticals Inc.",PPHM
"Peregrine Pharmaceuticals Inc.",PPHMP
"Pioneer Power Solutions, Inc.",PPSI
"PRA Group, Inc.",PRAA
"PRA Health Sciences, Inc.",PRAH
"Prana Biotechnology Ltd",PRAN
"Perceptron, Inc.",PRCP
"Perficient, Inc.",PRFT
"PowerShares FTSE RAFI US 1500 Small",PRFZ
"Paragon Shipping Inc.",PRGN
"Paragon Shipping Inc.",PRGNL
"Progress Software Corporation",PRGS
"PRGX Global, Inc.",PRGX
"Primoris Services Corporation",PRIM
"ParkerVision, Inc.",PRKR
"Peerless Systems Corporation",PRLS
"Primo Water Corporation",PRMW
"Provident Financial Holdings, Inc.",PROV
"ProPhase Labs, Inc.",PRPH
"ProQR Therapeutics N.V.",PRQR
"The Providence Service Corporation",PRSC
"CafePress Inc.",PRSS
"Prothena Corporation plc",PRTA
"Paratek Pharmaceuticals, Inc.",PRTK
"Proteon Therapeutics, Inc.",PRTO
"U.S. Auto Parts Network, Inc.",PRTS
"Premier Exhibitions, Inc.",PRXI
"PAREXEL International Corporation",PRXL
"PowerShares Global Gold & Precious Metals Portfolio",PSAU
"PSB Holdings, Inc.",PSBH
"PowerShares S&P SmallCap Consumer Staples Portfolio",PSCC
"PowerShares S&P SmallCap Consumer Discretionary Portfolio",PSCD
"PowerShares S&P SmallCap Energy Portfolio",PSCE
"PowerShares S&P SmallCap Financials Portfolio",PSCF
"PowerShares S&P SmallCap Health Care Portfolio",PSCH
"PowerShares S&P SmallCap Industrials Portfolio",PSCI
"PowerShares S&P SmallCap Materials Portfolio",PSCM
"PowerShares S&P SmallCap Information Technology Portfolio",PSCT
"PowerShares S&P SmallCap Utilities Portfolio",PSCU
"pSivida Corp.",PSDV
"Prospect Capital Corporation",PSEC
"Pericom Semiconductor Corporation",PSEM
"Power Solutions International, Inc.",PSIX
"PriceSmart, Inc.",PSMT
"Park Sterling Corporation",PSTB
"Pluristem Therapeutics, Inc.",PSTI
"PostRock Energy Corporation",PSTR
"Pacific Sunwear of California, Inc.",PSUN
"PlasmaTech Biopharmaceuticals, Inc.",PTBI
"PlasmaTech Biopharmaceuticals, Inc.",PTBIW
"PTC Inc.",PTC
"PTC Therapeutics, Inc.",PTCT
Patterson,PTEN
"Pain Therapeutics",PTIE
"Portola Pharmaceuticals, Inc.",PTLA
"Partner Communications Company Ltd.",PTNR
"Internet Patents Corporation",PTNT
"The Pantry, Inc.",PTRY
"P.A.M. Transportation Services, Inc.",PTSI
"Pernix Therapeutics Holdings, Inc.",PTX
"Pulaski Financial Corp.",PULB
"PrivateBancorp, Inc.",PVTB
"PrivateBancorp, Inc.",PVTBP
"Penns Woods Bancorp, Inc.",PWOD
"Perfect World Co., Ltd.",PWRD
"Providence and Worcester Railroad Company",PWX
"Pixelworks, Inc.",PXLW
"Papa John'S International, Inc.",PZZA
"First Trust NASDAQ ABA Community Bank Index Fund",QABA
"QAD Inc.",QADA
"QAD Inc.",QADB
"iShares MSCI Qatar Capped ETF",QAT
"Qualstar Corporation",QBAK
"QC Holdings, Inc.",QCCO
"First Trust NASDAQ Clean Edge Green Energy Index Fund",QCLN
"QUALCOMM Incorporated",QCOM
"QCR Holdings, Inc.",QCRH
"Quidel Corporation",QDEL
"Qiagen N.V.",QGEN
"First Trust RBA Quality Income ETF",QINC
"QIWI plc",QIWI
"QKL Stores, Inc.",QKLS
"QLogic Corporation",QLGC
"Qlik Technologies Inc.",QLIK
"QLT Inc.",QLTI
"Quality Distribution, Inc.",QLTY
"Qualys, Inc.",QLYS
"QuinStreet, Inc.",QNST
"First Trust NASDAQ",QQEW
"PowerShares QQQ Trust, Series 1",QQQ
"Global X NASDAQ China Technology ETF",QQQC
"Nuveen NASDAQ 100 Dynamic Overwrite Fund",QQQX
"First Trust NASDAQ",QQXT
"Quest Resource Holding Corporation.",QRHC
"Qorvo, Inc.",QRVO
"Quality Systems, Inc.",QSII
"First Trust NASDAQ",QTEC
"Quotient Limited",QTNT
"Quotient Limited",QTNTW
"Quantum Fuel Systems Technologies Worldwide, Inc.",QTWW
"QuickLogic Corporation",QUIK
"Qumu Corporation",QUMU
"Qunar Cayman Islands Limited",QUNR
"uniQure N.V.",QURE
"Liberty Interactive Corporation",QVCA
"Liberty Interactive Corporation",QVCB
"Recon Capital NASDAQ",QYLD
"Rada Electronics Industries Limited",RADA
"Freightcar America, Inc.",RAIL
"Rand Capital Corporation",RAND
"Ultragenyx Pharmaceutical Inc.",RARE
"Rave Restaurant Group, Inc.",RAVE
"Raven Industries, Inc.",RAVN
"Republic Bancorp, Inc.",RBCAA
"Rubicon Technology, Inc.",RBCN
"Royal Bancshares of Pennsylvania, Inc.",RBPAA
Rent,RCII
"Rocky Brands, Inc.",RCKY
"RCM Technologies, Inc.",RCMT
"Recon Technology, Ltd.",RCON
"Rock Creek Pharmaceuticals, Inc.",RCPI
"Receptos, Inc.",RCPT
"Radcom Ltd.",RDCM
"Elizabeth Arden, Inc.",RDEN
"Redhill Biopharma Ltd.",RDHL
"Reading International Inc",RDI
"Reading International Inc",RDIB
"RadNet, Inc.",RDNT
"Radius Health, Inc.",RDUS
"First Trust NASDAQ Rising Dividend Achievers ETF",RDVY
"Radware Ltd.",RDWR
"Resources Connection, Inc.",RECN
"Rediff.com India Limited",REDF
"Research Frontiers Incorporated",REFR
"Renewable Energy Group, Inc.",REGI
"Regeneron Pharmaceuticals, Inc.",REGN
"Reis, Inc",REIS
"Richardson Electronics, Ltd.",RELL
"Reliv' International, Inc.",RELV
"Remy International, Inc.",REMY
"Rentrak Corporation",RENT
"Recro Pharma, Inc.",REPH
"Resonant Inc.",RESN
"Resource America, Inc.",REXI
"Rex Energy Corporation",REXX
"RF Industries, Ltd.",RFIL
"RGC Resources Inc.",RGCO
"Regado BioSciences, Inc.",RGDO
"Response Genetics, Inc.",RGDX
"Repligen Corporation",RGEN
"Royal Gold, Inc.",RGLD
"Regulus Therapeutics Inc.",RGLS
"Real Goods Solar, Inc.",RGSE
"RiceBran Technologies",RIBT
"RiceBran Technologies",RIBTW
"RCI Hospitality Holdings, Inc.",RICK
"Rigel Pharmaceuticals, Inc.",RIGL
"RIT Technologies Ltd.",RITT
"RIT Technologies Ltd.",RITTW
"River Valley Bancorp.",RIVR
"Republic Airways Holdings, Inc.",RJET
"RLJ Entertainment, Inc.",RLJE
"ReachLocal, Inc.",RLOC
"Rand Logistics, Inc.",RLOG
"Relypsa, Inc.",RLYP
"Rambus, Inc.",RMBS
"Rocky Mountain Chocolate Factory, Inc.",RMCF
"RMG Networks Holding Corporation",RMGN
"Rockwell Medical, Inc.",RMTI
"Prosensa Holding N.V.",RNA
"RigNet, Inc.",RNET
"Renasant Corporation",RNST
"RealNetworks, Inc.",RNWK
Robo,ROBO
"Gibraltar Industries, Inc.",ROCK
"Radio One, Inc.",ROIA
"Radio One, Inc.",ROIAK
"Retail Opportunity Investments Corp.",ROIC
"ROI Acquisition Corp. II",ROIQ
"ROI Acquisition Corp. II",ROIQU
"ROI Acquisition Corp. II",ROIQW
"Roka Bioscience, Inc.",ROKA
"RBC Bearings Incorporated",ROLL
"Rosetta Resources Inc.",ROSE
"Rosetta Genomics Ltd.",ROSG
"Ross Stores, Inc.",ROST
"Rovi Corporation",ROVI
"Royale Energy, Inc.",ROYL
"RealPage, Inc.",RP
"Repros Therapeutics Inc.",RPRX
"Repros Therapeutics Inc.",RPRXW
"Repros Therapeutics Inc.",RPRXZ
"Raptor Pharmaceutical Corp.",RPTP
"RPX Corporation",RPXC
"R.R. Donnelley & Sons Company",RRD
"Red Robin Gourmet Burgers, Inc.",RRGB
"RRSat Global Communications Network Ltd.",RRST
Rofin,RSTI
"RadiSys Corporation",RSYS
"Ruthigen, Inc.",RTGN
"RTI Surgical, Inc.",RTIX
"Rentech, Inc.",RTK
"Retrophin, Inc.",RTRX
"Rush Enterprises, Inc.",RUSHA
"Rush Enterprises, Inc.",RUSHB
"Ruth's Hospitality Group, Inc.",RUTH
"Riverbed Technology, Inc.",RVBD
"Revolution Lighting Technologies, Inc.",RVLT
"Revance Therapeutics, Inc.",RVNC
"Riverview Bancorp Inc",RVSB
"ReWalk Robotics Ltd",RWLK
"Ignyta, Inc.",RXDX
"RXi Pharmaceuticals Corporation",RXII
"Ryanair Holdings plc",RYAAY
"inContact, Inc.",SAAS
"Sabre Corporation",SABR
"SAExploration Holdings, Inc.",SAEX
"Sanderson Farms, Inc.",SAFM
"Safety Insurance Group, Inc.",SAFT
"Sage Therapeutics, Inc.",SAGE
"Saia, Inc.",SAIA
"Sajan, Inc.",SAJA
"Salisbury Bancorp, Inc.",SAL
"RetailMeNot, Inc.",SALE
"Salem Communications Corporation",SALM
"Silvercrest Asset Management Group Inc.",SAMG
"Sanmina Corporation",SANM
"S&W Seed Company",SANW
"S&W Seed Company",SANWZ
"Sapient Corporation",SAPE
"Sandy Spring Bancorp, Inc.",SASR
"EchoStar Corporation",SATS
"Spirit Airlines, Inc.",SAVE
"SBA Communications Corporation",SBAC
"Sussex Bancorp",SBBX
"Seacoast Banking Corporation of Florida",SBCF
"Sunshine Bancorp, Inc.",SBCP
"SB Financial Group, Inc.",SBFG
"Sinclair Broadcast Group, Inc.",SBGI
"Star Bulk Carriers Corp.",SBLK
"Star Bulk Carriers Corp.",SBLKL
"Signature Bank",SBNY
"Signature Bank",SBNYW
"Sabra Healthcare REIT, Inc.",SBRA
"Sabra Healthcare REIT, Inc.",SBRAP
"Spanish Broadcasting System, Inc.",SBSA
"Southside Bancshares, Inc.",SBSI
"Starbucks Corporation",SBUX
"Surgical Care Affiliates, Inc.",SCAI
"Scholastic Corporation",SCHL
"Schnitzer Steel Industries, Inc.",SCHN
"SciClone Pharmaceuticals, Inc.",SCLN
"Sucampo Pharmaceuticals, Inc.",SCMP
"SinoCoking Coal and Coke Chemical Industries, Inc",SCOK
"Superconductor Technologies Inc.",SCON
"comScore, Inc.",SCOR
"ScanSource, Inc.",SCSC
"Select Comfort Corporation",SCSS
"SolarCity Corporation",SCTY
"Shoe Carnival, Inc.",SCVL
"SCYNEXIS, Inc.",SCYX
"SeaChange International, Inc.",SEAC
"Origin Agritech Limited",SEED
"SEI Investments Company",SEIC
"SunEdison Semiconductor Limited",SEMI
"Seneca Foods Corp.",SENEA
"Seneca Foods Corp.",SENEB
"Sevcon, Inc.",SEV
"Sound Financial Bancorp, Inc.",SFBC
"ServisFirst Bancshares, Inc.",SFBS
"Shutterfly, Inc.",SFLY
"Sprouts Farmers Market, Inc.",SFM
"Simmons First National Corporation",SFNC
"Southern First Bancshares, Inc.",SFST
"SFX Entertainment, Inc.",SFXE
"Stonegate Bank",SGBK
"Superior Uniform Group, Inc.",SGC
"Seattle Genetics, Inc.",SGEN
"Silicon Graphics International Corp",SGI
"SigmaTron International, Inc.",SGMA
"Sangamo BioSciences, Inc.",SGMO
"Scientific Games Corp",SGMS
"Signal Genetics, Inc.",SGNL
"Sagent Pharmaceuticals, Inc.",SGNT
"SGOCO Group, Ltd",SGOC
"SPAR Group, Inc.",SGRP
"Synergy Pharmaceuticals, Inc.",SGYP
"Synergy Pharmaceuticals, Inc.",SGYPU
"Synergy Pharmaceuticals, Inc.",SGYPW
"Shore Bancshares Inc",SHBI
"Shenandoah Telecommunications Co",SHEN
"Seanergy Maritime Holdings Corp",SHIP
"Sears Holdings Corporation",SHLD
"Sears Holdings Corporation",SHLDW
"A. Schulman, Inc.",SHLM
"Shiloh Industries, Inc.",SHLO
"Steven Madden, Ltd.",SHOO
"ShoreTel, Inc.",SHOR
"Sears Hometown and Outlet Stores, Inc.",SHOS
"Shire plc",SHPG
Sigma,SIAL
"State Investors Bancorp, Inc.",SIBC
"Siebert Financial Corp.",SIEB
"Sientra, Inc.",SIEN
"SI Financial Group, Inc.",SIFI
"Sify Technologies Limited",SIFY
"SIGA Technologies Inc.",SIGA
"Selective Insurance Group, Inc.",SIGI
"Sigma Designs, Inc.",SIGM
"Silicom Ltd",SILC
"Silicon Image, Inc.",SIMG
"Silicon Motion Technology Corporation",SIMO
"Sina Corporation",SINA
Sino,SINO
"Sirius XM Holdings Inc.",SIRI
"Sirona Dental Systems, Inc.",SIRO
"SVB Financial Group",SIVB
"SVB Financial Group",SIVBO
"6D Global Technologies, Inc.",SIXD
"Skystar Bio",SKBI
"Peak Resorts, Inc.",SKIS
"FlexShares Credit",SKOR
"Skullcandy, Inc.",SKUL
"Sky Solar Holdings, Ltd.",SKYS
"SkyWest, Inc.",SKYW
"First Trust ISE Cloud Computing Index Fund",SKYY
"Silicon Laboratories, Inc.",SLAB
"Select Bancorp, Inc.",SLCT
"Silgan Holdings Inc.",SLGN
"SLM Corporation",SLM
"SLM Corporation",SLMAP
"SLM Corporation",SLMBP
"Simulations Plus, Inc.",SLP
"Solar Capital Ltd.",SLRC
"Selectica, Inc.",SLTC
"Credit Suisse AG",SLVO
"Salix Pharmaceuticals, Ltd.",SLXP
"Sino Mercury Acquisition Corp.",SMAC
"Sino Mercury Acquisition Corp.",SMACR
"Sino Mercury Acquisition Corp.",SMACU
"Southern Missouri Bancorp, Inc.",SMBC
"Super Micro Computer, Inc.",SMCI
"Sharps Compliance Corp",SMED
"Schmitt Industries, Inc.",SMIT
"Semler Scientific, Inc.",SMLR
"Summit Financial Group, Inc.",SMMF
"Simplicity Bancorp Inc.",SMPL
"Stein Mart, Inc.",SMRT
"Smith Micro Software, Inc.",SMSI
"SMART Technologies Inc.",SMT
"Semtech Corporation",SMTC
"SMTP, Inc.",SMTP
"SMTC Corporation",SMTX
"Inventure Foods, Inc.",SNAK
"Sun Bancorp, Inc.",SNBC
"State National Companies, Inc.",SNC
"Synchronoss Technologies, Inc.",SNCR
"SanDisk Corporation",SNDK
"Security National Financial Corporation",SNFCA
"Sun Hydraulics Corporation",SNHY
"Senomyx, Inc.",SNMX
"Synopsys, Inc.",SNPS
"Sunesis Pharmaceuticals, Inc.",SNSS
"Synta Pharmaceuticals Corp.",SNTA
"Southcoast Financial Corporation",SOCB
"Global X Social Media Index ETF",SOCL
"SodaStream International Ltd.",SODA
"Sonic Foundry, Inc.",SOFO
"Sotherly Hotels Inc.",SOHO
"Sotherly Hotels LP",SOHOL
"Sotherly Hotels LP",SOHOM
"Sohu.com Inc.",SOHU
"Southern National Bancorp of Virginia, Inc.",SONA
"Sonic Corp.",SONC
"Sonus Networks, Inc.",SONS
"SORL Auto Parts, Inc.",SORL
"iShares PHLX SOX Semiconductor Sector Index Fund",SOXX
"SP Plus Corporation",SP
Span,SPAN
"Spartan Motors, Inc.",SPAR
"SuperCom, Ltd.",SPCB
"Speed Commerce, Inc.",SPDC
"Spherix Incorporated",SPEX
"Sophiris Bio, Inc.",SPHS
"Siliconware Precision Industries Company, Ltd.",SPIL
"Spark Energy, Inc.",SPKE
"Splunk Inc.",SPLK
"Staples, Inc.",SPLS
"The Spectranetics Corporation",SPNC
"Sapiens International Corporation N.V.",SPNS
"Spok Holdings, Inc.",SPOK
"Spectrum Pharmaceuticals, Inc.",SPPI
"Supertel Hospitality, Inc.",SPPR
"Supertel Hospitality, Inc.",SPPRO
"Supertel Hospitality, Inc.",SPPRP
"SmartPros Ltd.",SPRO
"support.com, Inc.",SPRT
"SPS Commerce, Inc.",SPSC
"SpartanNash Company",SPTN
"SkyPeople Fruit Juice, Inc.",SPU
"Sportsman's Warehouse Holdings, Inc.",SPWH
"SunPower Corporation",SPWR
"Sequential Brands Group, Inc.",SQBG
"Square 1 Financial, Inc.",SQBK
"SciQuest, Inc.",SQI
"Sequenom, Inc.",SQNM
"ProShares UltraPro Short QQQ",SQQQ
"1st Source Corporation",SRCE
"Stericycle, Inc.",SRCL
"SurModics, Inc.",SRDX
"ServiceSource International, Inc.",SREV
"Sorrento Therapeutics, Inc.",SRNE
"Sarepta Therapeutics, Inc.",SRPT
"Sears Canada Inc.",SRSC
"South State Corporation",SSB
"Summit State Bank",SSBI
"Stewardship Financial Corp",SSFN
"Sunshine Heart Inc",SSH
"SS&C Technologies Holdings, Inc.",SSNC
"Symmetry Surgical Inc.",SSRG
"Silver Standard Resources Inc.",SSRI
"Stratasys, Ltd.",SSYS
"STAAR Surgical Company",STAA
"Student Transportation Inc",STB
"S&T Bancorp, Inc.",STBA
"State Bank Financial Corporation.",STBZ
"Stock Building Supply Holdings, Inc.",STCK
"StemCells, Inc.",STEM
"State Auto Financial Corporation",STFC
"SunOpta, Inc.",STKL
"Steel Dynamics, Inc.",STLD
"Stanley Furniture Company, Inc.",STLY
"Stemline Therapeutics, Inc.",STML
"Stamps.com Inc.",STMP
"Steiner Leisure Limited",STNR
"Barclays PLC",STPP
"Strayer Education, Inc.",STRA
"Sterling Construction Company Inc",STRL
"Streamline Health Solutions, Inc.",STRM
"Sutron Corporation",STRN
"Stratus Properties, Inc.",STRS
"Strattec Security Corporation",STRT
Starz,STRZA
Starz,STRZB
"Seagate Technology.",STX
"Stereotaxis, Inc.",STXS
"Suffolk Bancorp",SUBK
"Summer Infant, Inc.",SUMR
"Solar Senior Capital Ltd.",SUNS
"Supernus Pharmaceuticals, Inc.",SUPN
"Synergetics USA, Inc.",SURG
"Susquehanna Bancshares, Inc.",SUSQ
"Sutor Technology Group Limited",SUTR
"Sinovac Biotech, Ltd.",SVA
"Severn Bancorp Inc",SVBI
"Firsthand Technology Value Fund, Inc.",SVVC
"Smith & Wesson Holding Corporation",SWHC
"Sierra Wireless, Inc.",SWIR
"Skyworks Solutions, Inc.",SWKS
"Swisher Hygiene, Inc.",SWSH
"Stock Yards Bancorp, Inc.",SYBT
"Sykes Enterprises, Incorporated",SYKE
"Symantec Corporation",SYMC
"Synthesis Energy Systems, Inc.",SYMX
"Synaptics Incorporated",SYNA
"Synacor, Inc.",SYNC
"Synalloy Corporation",SYNL
"Syntel, Inc.",SYNT
"Sypris Solutions, Inc.",SYPR
"Sysorex Global Holding Corp.",SYRX
"Synutra International, Inc.",SYUT
"Sizmek Inc.",SZMK
"Solazyme, Inc.",SZYM
"TransAct Technologies Incorporated",TACT
"Taitron Components Incorporated",TAIT
"Barclays PLC",TAPR
"TASER International, Inc.",TASR
"Carrols Restaurant Group, Inc.",TAST
"TAT Technologies Ltd.",TATT
"Liberty Tax, Inc.",TAX
"Medallion Financial Corp.",TAXI
"Taylor Devices, Inc.",TAYD
"The Bancorp, Inc.",TBBK
"Transgenomic, Inc.",TBIO
"Triumph Bancorp, Inc.",TBK
"Territorial Bancorp Inc.",TBNK
"Theravance Biopharma, Inc.",TBPH
"Texas Capital Bancshares, Inc.",TCBI
"Texas Capital Bancshares, Inc.",TCBIL
"Texas Capital Bancshares, Inc.",TCBIP
"Texas Capital Bancshares, Inc.",TCBIW
"TriCo Bancshares",TCBK
"Technical Communications Corporation",TCCO
"The Community Financial Corporation",TCFC
"TCP Capital Corp.",TCPC
"THL Credit, Inc.",TCRD
"Tucows Inc.",TCX
"First Trust Exchange",TDIV
"TearLab Corporation",TEAR
"Tech Data Corporation",TECD
Bio,TECH
"Tecumseh Products Company",TECU
"Tarena International, Inc.",TEDU
"Tenax Therapeutics, Inc.",TENX
"TerraForm Power, Inc.",TERP
"Tesco Corporation",TESO
"TESSCO Technologies Incorporated",TESS
"The Fresh Market, Inc.",TFM
"1347 Capital Corp.",TFSC
"1347 Capital Corp.",TFSCR
"1347 Capital Corp.",TFSCU
"1347 Capital Corp.",TFSCW
"TFS Financial Corporation",TFSL
"Transglobe Energy Corp",TGA
"TGC Industries, Inc.",TGE
"Tecogen Inc.",TGEN
"Tecnoglass Inc.",TGLS
"TG Therapeutics, Inc.",TGTX
"First Financial Corporation Indiana",THFF
"Threshold Pharmaceuticals, Inc.",THLD
"Thoratec Corporation",THOR
"Gentherm Inc",THRM
"Theravance, Inc.",THRX
Truett,THST
"THT Heat Transfer Technology, Inc.",THTI
"TICC Capital Corp.",TICC
"TigerLogic Corporation",TIGR
"Interface, Inc.",TILE
"Harris & Harris Group, Inc.",TINY
"Tiptree Financial Inc.",TIPT
"Top Image Systems, Ltd.",TISA
"Titan Machinery Inc.",TITN
"TiVo Inc.",TIVO
"Tokai Pharmaceuticals, Inc.",TKAI
"Tekmira Pharmaceuticals Corp",TKMR
"Tandy Leather Factory, Inc.",TLF
"Talmer Bancorp, Inc.",TLMR
"TetraLogic Pharmaceuticals Corporation",TLOG
"Telenav, Inc.",TNAV
"Tandem Diabetes Care, Inc.",TNDM
"Tangoe, Inc.",TNGO
"Tonix Pharmaceuticals Holding Corp.",TNXP
"TOP Ships Inc.",TOPS
"TOR Minerals International Inc",TORM
"Tuniu Corporation",TOUR
"Towne Bank",TOWN
"ProShares UltraPro QQQ",TQQQ
"Dealertrack Technologies, Inc.",TRAK
"Two River Bancorp",TRCB
"Torchlight Energy Resources, Inc.",TRCH
"LendingTree, Inc.",TREE
"Targacept, Inc.",TRGT
"Trinity Biotech plc",TRIB
"Trillium Therapeutics Inc.",TRIL
"TripAdvisor, Inc.",TRIP
"TriVascular Technologies, Inc.",TRIV
"Trimble Navigation Limited",TRMB
"Trustmark Corporation",TRMK
"Transcat, Inc.",TRNS
"Tornier N.V.",TRNX
"TrovaGene, Inc.",TROV
"TrovaGene, Inc.",TROVU
"TrovaGene, Inc.",TROVW
"T. Rowe Price Group, Inc.",TROW
"TriMas Corporation",TRS
"TrustCo Bank Corp NY",TRST
"Terrapin 3 Acquisition Corporation",TRTL
"Terrapin 3 Acquisition Corporation",TRTLU
"Terrapin 3 Acquisition Corporation",TRTLW
"TrueCar, Inc.",TRUE
"Trevena, Inc.",TRVN
"Timberland Bancorp, Inc.",TSBK
"TriState Capital Holdings, Inc.",TSC
"Tractor Supply Company",TSCO
"Tower Semiconductor Ltd.",TSEM
"Tesla Motors, Inc.",TSLA
"Tessera Technologies, Inc.",TSRA
"Trade Street Residential, Inc.",TSRE
"TSR, Inc.",TSRI
"TESARO, Inc.",TSRO
"TheStreet, Inc.",TST
"TeleCommunication Systems, Inc.",TSYS
"TeleTech Holdings, Inc.",TTEC
"Tetra Tech, Inc.",TTEK
"TechTarget, Inc.",TTGT
"Transition Therapeutics, Inc.",TTHI
"TTM Technologies, Inc.",TTMI
"T2 Biosystems, Inc.",TTOO
"Tetraphase Pharmaceuticals, Inc.",TTPH
"Tile Shop Hldgs, Inc.",TTS
Take,TTWO
"TubeMogul, Inc.",TUBE
"Tuesday Morning Corp.",TUES
"First Trust Total US Market AlphaDEX ETF",TUSA
"Credit Suisse AG",TVIX
"Credit Suisse AG",TVIZ
"Towerstream Corporation",TWER
"Twin Disc, Incorporated",TWIN
"Trans World Entertainment Corp.",TWMC
"2U, Inc.",TWOU
"Texas Instruments Incorporated",TXN
"Texas Roadhouse, Inc.",TXRH
"Monotype Imaging Holdings Inc.",TYPE
"Travelzoo Inc.",TZOO
"Universal Truckload Services, Inc.",UACL
"iShares MSCI UAE Capped ETF",UAE
"United Bancorp, Inc.",UBCP
"United Security Bancshares",UBFO
"UBIC, Inc.",UBIC
"United Financial Bancorp, Inc.",UBNK
"Ubiquiti Networks, Inc.",UBNT
"United Bancshares, Inc.",UBOH
"Union Bankshares Corporation",UBSH
"United Bankshares, Inc.",UBSI
"United Community Bancorp",UCBA
"United Community Banks, Inc.",UCBI
"United Community Financial Corp.",UCFC
"Ultra Clean Holdings, Inc.",UCTT
"United Development Funding IV",UDF
"Universal Electronics Inc.",UEIC
"Net 1 UEPS Technologies, Inc.",UEPS
"United Fire Group, Inc",UFCS
"Universal Forest Products, Inc.",UFPI
"UFP Technologies, Inc.",UFPT
United,UG
"Credit Suisse AG",UGLD
Amerco,UHAL
"United Insurance Holdings Corp.",UIHC
"Ultralife Corporation",ULBI
"Ulta Salon, Cosmetics & Fragrance, Inc.",ULTA
"The Ultimate Software Group, Inc.",ULTI
"Ultrapetrol (Bahamas) Limited",ULTR
"UMB Financial Corporation",UMBF
"Umpqua Holdings Corporation",UMPQ
"Unico American Corporation",UNAM
"Union Bankshares, Inc.",UNB
"United Natural Foods, Inc.",UNFI
"Unilife Corporation",UNIS
"United Online, Inc.",UNTD
"Unity Bancorp, Inc.",UNTY
Uni,UNXL
"Uroplasty, Inc.",UPI
"Unwired Planet, Inc.",UPIP
"Upland Software, Inc.",UPLD
"Urban Outfitters, Inc.",URBN
"Uranium Resources, Inc.",URRE
"USA Truck, Inc.",USAK
"Universal Stainless & Alloy Products, Inc.",USAP
"USA Technologies, Inc.",USAT
"USA Technologies, Inc.",USATP
"United Security Bancshares, Inc.",USBI
"U S Concrete, Inc.",USCR
"U.S. Energy Corp.",USEG
"United States Lime & Minerals, Inc.",USLM
"Credit Suisse AG",USLV
"USMD Holdings, Inc.",USMD
"United Stationers Inc.",USTR
"Ultratech, Inc.",UTEK
"United Therapeutics Corporation",UTHR
"UTi Worldwide Inc.",UTIW
"Utah Medical Products, Inc.",UTMD
"UTStarcom Holdings Corp",UTSI
"Univest Corporation of Pennsylvania",UVSP
"Virgin America Inc.",VA
"Value Line, Inc.",VALU
"Validea Market Legends ETF",VALX
"Vascular Solutions, Inc.",VASC
"Village Bank and Trust Financial Corp.",VBFC
"VBI Vaccines Inc.",VBIV
"Vascular Biogenics Ltd.",VBLT
"Vident Core U.S. Bond Strategy Fund",VBND
"Veritex Holdings, Inc.",VBTX
"Vericel Corporation",VCEL
"Vanguard Intermediate",VCIT
"Vanguard Long",VCLT
"Vanguard Short",VCSH
"Veracyte, Inc.",VCYT
"VASCO Data Security International, Inc.",VDSI
"Veeco Instruments Inc.",VECO
"Viggle Inc.",VGGL
"Vanguard Intermediate",VGIT
"Vanguard Long",VGLT
"Vanguard Short",VGSH
"Viacom Inc.",VIA
"Viacom Inc.",VIAB
"Viasystems Group, Inc.",VIAS
"Vical Incorporated",VICL
"Vicor Corporation",VICR
"Video Display Corporation",VIDE
"Vident International Equity Fund",VIDI
"Viewtran Group, Inc.",VIEW
"Credit Suisse AG",VIIX
"Credit Suisse AG",VIIZ
"Vimicro International Corporation",VIMC
"VimpelCom Ltd.",VIP
"Virco Manufacturing Corporation",VIRC
"VisionChina Media, Inc.",VISN
"Meridian Bioscience Inc.",VIVO
"Knightsbridge Shipping Limited",VLCCF
"Village Super Market, Inc.",VLGEA
"Voltari Corporation",VLTC
"Valley National Bancorp",VLYWW
"Vanguard Mortgage",VMBS
"Vanda Pharmaceuticals Inc.",VNDA
"21Vianet Group, Inc.",VNET
"Viper Energy Partners LP",VNOM
"Vanguard Global ex",VNQI
"Vanguard Natural Resources LLC",VNR
"Vanguard Natural Resources LLC",VNRAP
"Vanguard Natural Resources LLC",VNRBP
"Vanguard Natural Resources LLC",VNRCP
"Vodafone Group Plc",VOD
"Volcano Corporation",VOLC
"Vanguard Russell 1000 ETF",VONE
"Vanguard Russell 1000 Growth ETF",VONG
"Vanguard Russell 1000 Value ETF",VONV
"VOXX International Corporation",VOXX
"Vapor Corp.",VPCO
"Vera Bradley, Inc.",VRA
"Vermillion, Inc.",VRML
"Vringo, Inc.",VRNG
"Vringo, Inc.",VRNGW
"Varonis Systems, Inc.",VRNS
"Verint Systems Inc.",VRNT
"Verisk Analytics, Inc.",VRSK
"VeriSign, Inc.",VRSN
"Vestin Realty Mortgage I, Inc.",VRTA
"Vestin Realty Mortgage II, Inc.",VRTB
"Virtus Investment Partners, Inc.",VRTS
"Virtusa Corporation",VRTU
"Vertex Pharmaceuticals Incorporated",VRTX
"Versartis, Inc.",VSAR
"ViaSat, Inc.",VSAT
Vision,VSCI
"VirtualScopics, Inc.",VSCP
"VSE Corporation",VSEC
"Verastem, Inc.",VSTM
"Vitae Pharmaceuticals, Inc.",VTAE
"Vanguard Russell 3000 ETF",VTHR
"Vanguard Short",VTIP
"Vital Therapies, Inc.",VTL
"Vertex Energy, Inc",VTNR
"Vitesse Semiconductor Corporation",VTSS
"Vanguard Russell 2000 Growth ETF",VTWG
"Vanguard Russell 2000 ETF",VTWO
"Vanguard Russell 2000 Value ETF",VTWV
"Vident Core US Equity ETF",VUSE
"VIVUS, Inc.",VVUS
"Vanguard Emerging Markets Government Bond ETF",VWOB
"VWR Corporation",VWR
"Vanguard Total International Stock ETF",VXUS
"Valley Financial Corporation",VYFC
"Westamerica Bancorporation",WABC
"Washington Federal, Inc.",WAFD
"Washington Federal, Inc.",WAFDW
"Washington Trust Bancorp, Inc.",WASH
"Energous Corporation",WATT
"Wave Systems Corp.",WAVX
"Wayne Savings Bancshares Inc.",WAYN
"Weibo Corporation",WB
"Walgreens Boots Alliance, Inc.",WBA
"Westbury Bancorp, Inc.",WBB
"Wolverine Bancorp, Inc.",WBKC
"WebMD Health Corp",WBMD
"Western Digital Corporation",WDC
WD,WDFC
"Wellesley Bancorp, Inc.",WEBK
"Wendy's Company (The)",WEN
"Werner Enterprises, Inc.",WERN
"WisdomTree Investments, Inc.",WETF
"Weyco Group, Inc.",WEYS
"WashingtonFirst Bankshares Inc",WFBI
"Westfield Financial, Inc.",WFD
"Whole Foods Market, Inc.",WFM
"WaferGen Bio",WGBS
"WhiteHorse Finance, Inc.",WHF
"WhiteHorse Finance, Inc.",WHFBL
"Wilhelmina International, Inc.",WHLM
"Wheeler Real Estate Investment Trust, Inc.",WHLR
"Wheeler Real Estate Investment Trust, Inc.",WHLRP
"Wheeler Real Estate Investment Trust, Inc.",WHLRW
"Wilshire Bancorp, Inc.",WIBC
"Boingo Wireless, Inc.",WIFI
"G. Willi",WILC
Wi,WILN
"Windstream Holdings, Inc.",WIN
"Winmark Corporation",WINA
"Encore Wire Corporation",WIRE
"Wix.com Ltd.",WIX
"Westmoreland Coal Company",WLB
"Westmoreland Coal Company",WLBPZ
"Willdan Group, Inc.",WLDN
"Willis Lease Finance Corporation",WLFC
"WL Ross Holding Corp.",WLRH
"WL Ross Holding Corp.",WLRHU
"WL Ross Holding Corp.",WLRHW
"West Marine, Inc.",WMAR
"Wright Medical Group, Inc.",WMGI
"Wright Medical Group, Inc.",WMGIZ
"iShares S&P Global Timber & Forestry Index Fund",WOOD
"VCA Inc.",WOOF
"WPCS International Incorporated",WPCS
"WPP plc",WPPGY
"Westport Innovations Inc",WPRT
"Warren Resources, Inc.",WRES
"World Acceptance Corporation",WRLD
"WesBanco, Inc.",WSBC
"Waterstone Financial, Inc.",WSBF
"WSI Industries Inc.",WSCI
"WSFS Financial Corporation",WSFS
"WSFS Financial Corporation",WSFSL
"West Corporation",WSTC
"Wayside Technology Group, Inc.",WSTG
"Westell Technologies, Inc.",WSTL
"West Bancorporation",WTBA
"Wintrust Financial Corporation",WTFC
"Wintrust Financial Corporation",WTFCW
"The Wet Seal, Inc.",WTSL
"WVS Financial Corp.",WVFC
"Willamette Valley Vineyards, Inc.",WVVI
"Woodward, Inc.",WWD
"Web.com Group, Inc.",WWWW
"Wynn Resorts, Limited",WYNN
"Xenith Bankshares, Inc.",XBKS
"Xcerra Corporation",XCRA
"Xenon Pharmaceuticals Inc.",XENE
"Intersect ENT, Inc.",XENT
"XG Technology, Inc",XGTI
"XG Technology, Inc",XGTIW
"Credit Suisse AG",XIV
"Xilinx, Inc.",XLNX
"Acceleron Pharma Inc.",XLRN
"Xencor, Inc.",XNCR
"Xunlei Limited",XNET
"XenoPort, Inc.",XNPT
"XOMA Corporation",XOMA
"The ExOne Company",XONE
"Xoom Corporation",XOOM
"Xplore Technologies Corp",XPLR
"DENTSPLY International Inc.",XRAY
"XTL Biopharmaceuticals Ltd.",XTLB
Ixia,XXIA
"First Trust International Multi",YDIV
"Yodlee, Inc.",YDLE
"Yahoo! Inc.",YHOO
"Yandex N.V.",YNDX
"You On Demand Holdings, Inc.",YOD
"The York Water Company",YORW
"AdvisorShares YieldPro ETF",YPRO
"YRC Worldwide, Inc.",YRCW
"YY Inc.",YY
"Zillow, Inc.",Z
"ZAGG Inc",ZAGG
"ZaZa Energy Corporation",ZAZA
"Zebra Technologies Corporation",ZBRA
"Olympic Steel, Inc.",ZEUS
"Zafgen, Inc.",ZFGN
"Zogenix, Inc.",ZGNX
"Zhone Technologies, Inc.",ZHNE
"Horsehead Holding Corp.",ZINC
"Zions Bancorporation",ZION
"Zions Bancorporation",ZIONW
"Zions Bancorporation",ZIONZ
"ZIOPHARM Oncology Inc",ZIOP
"Credit Suisse AG",ZIV
"Zix Corporation",ZIXI
"ZELTIQ Aesthetics, Inc.",ZLTQ
"Zion Oil & Gas Inc",ZN
"Zynga Inc.",ZNGA
"ZS Pharma, Inc.",ZSPH
"zulily, inc.",ZU
"Zumiez Inc.",ZUMZ
